09:00:03 | WARNING | LIVE MODE: Changes will be pushed to real marketplaces!
09:00:03 | WARNING | dry_run is False. This will modify live marketplace data. Press Ctrl+C within 5 seconds to abort...
09:00:08 | INFO    | === Syncing shopee ===
09:00:08 | INFO    | [shopee] Loading marketplace products to populate cache...
09:00:11 | INFO    | [shopee] Loaded existing session from /home/lutpiero/marketplace-integrator/sessions/shopee_state.json
09:00:11 | INFO    | [shopee] UA override applied to page (HeadlessChrome hidden)
09:00:26 | INFO    | [shopee] Found 11 products
09:00:26 | INFO    | [shopee] Starting stock sync: Odoo -> marketplace
09:00:29 | INFO    | Odoo authenticated as uid=2
09:00:42 | SUCCESS | [shopee] Stock updated for 28728642322: 15
09:00:55 | SUCCESS | [shopee] Stock updated for 4957025309: 48
09:00:59 | SUCCESS | [shopee] Stock updated for 6357021439: 56
09:01:01 | INFO    | [shopee] Stock sync complete: 3 synced, 0 skipped, 0 failed (out of 3 total)
09:01:01 | INFO    | [shopee] Starting price sync: Odoo -> marketplace
09:01:03 | SUCCESS | [shopee] Price updated for 28728642322: Rp6,000
09:01:06 | ERROR   | [shopee] API error for 4957025309: code=1000100252 msg=None
09:01:06 | WARNING | [shopee] Failed to update price for 4957025309
09:01:09 | ERROR   | [shopee] API error for 6357021439: code=1000100252 msg=None
09:01:09 | WARNING | [shopee] Failed to update price for 6357021439
09:01:11 | INFO    | [shopee] Price sync complete: 1 synced, 0 skipped, 2 failed (out of 3 total)
09:01:11 | INFO    | [shopee] Starting order sync: marketplace -> Odoo
09:01:52 | INFO    | [shopee] Found 40 orders (status=new)
09:01:52 | INFO    | [shopee] Order sync complete: 0/40 imported
09:01:52 | INFO    | [shopee] Session saved to /home/lutpiero/marketplace-integrator/sessions/shopee_state.json
09:01:52 | INFO    | === Syncing tokopedia ===
09:01:52 | INFO    | [tokopedia] Loading marketplace products to populate cache...
09:01:55 | INFO    | [tokopedia] Loaded existing session from /home/lutpiero/marketplace-integrator/sessions/tokopedia_state.json
09:02:13 | INFO    | [tokopedia] Found 7 products
09:02:13 | INFO    | [tokopedia] Starting stock sync: Odoo -> marketplace
09:02:22 | SUCCESS | [tokopedia] Stock updated for 1729813263110669415: 44 -> 56 (delta=12)
09:02:26 | SUCCESS | [tokopedia] Stock updated for 1729813263886550119: 47 -> 48 (delta=1)
09:02:29 | INFO    | [tokopedia] Stock already 15 for 1729816440922801255
09:02:32 | INFO    | [tokopedia] Stock sync complete: 3 synced, 0 skipped, 0 failed (out of 3 total)
09:02:32 | INFO    | [tokopedia] Starting price sync: Odoo -> marketplace
09:02:34 | WARNING | [tokopedia] Price update submitted for 1729813263110669415: Rp90,000 (server acknowledged, may not persist — verify manually)
09:02:38 | WARNING | [tokopedia] Price update submitted for 1729813263886550119: Rp100,000 (server acknowledged, may not persist — verify manually)
09:02:42 | ERROR   | [tokopedia] Price update failed for 1729816440922801255: The product name must be between 25 and 255 characters, inclusive.
09:02:42 | WARNING | [tokopedia] Failed to update price for 1729816440922801255
09:02:45 | INFO    | [tokopedia] Price sync complete: 2 synced, 0 skipped, 1 failed (out of 3 total)
09:02:45 | INFO    | [tokopedia] Starting order sync: marketplace -> Odoo
09:03:14 | INFO    | [tokopedia] Found 1 orders (status=new)
09:03:14 | INFO    | [tokopedia] Order sync complete: 0/1 imported
09:03:20 | INFO    | [tokopedia] Session saved to /home/lutpiero/marketplace-integrator/sessions/tokopedia_state.json

=== Sync Results ===

shopee:
  stock: {'synced': 3, 'elapsed': 34.4}
  price: {'synced': 1, 'elapsed': 10.5}
  orders: {'synced': 0, 'elapsed': 40.7}

tokopedia:
  stock: {'synced': 3, 'elapsed': 19.5}
  price: {'synced': 2, 'elapsed': 13.1}
  orders: {'synced': 0, 'elapsed': 28.5}
09:30:03 | WARNING | LIVE MODE: Changes will be pushed to real marketplaces!
09:30:03 | WARNING | dry_run is False. This will modify live marketplace data. Press Ctrl+C within 5 seconds to abort...
09:30:08 | INFO    | === Syncing shopee ===
09:30:08 | INFO    | [shopee] Loading marketplace products to populate cache...
09:30:11 | INFO    | [shopee] Loaded existing session from /home/lutpiero/marketplace-integrator/sessions/shopee_state.json
09:30:11 | INFO    | [shopee] UA override applied to page (HeadlessChrome hidden)
09:30:26 | INFO    | [shopee] Found 11 products
09:30:26 | INFO    | [shopee] Starting stock sync: Odoo -> marketplace
09:30:28 | INFO    | Odoo authenticated as uid=2
09:30:51 | SUCCESS | [shopee] Stock updated for 28728642322: 15
09:30:59 | SUCCESS | [shopee] Stock updated for 4957025309: 48
09:31:04 | SUCCESS | [shopee] Stock updated for 6357021439: 56
09:31:06 | INFO    | [shopee] Stock sync complete: 3 synced, 0 skipped, 0 failed (out of 3 total)
09:31:06 | INFO    | [shopee] Starting price sync: Odoo -> marketplace
09:31:08 | SUCCESS | [shopee] Price updated for 28728642322: Rp6,000
09:31:11 | ERROR   | [shopee] API error for 4957025309: code=1000100252 msg=None
09:31:11 | WARNING | [shopee] Failed to update price for 4957025309
09:31:13 | ERROR   | [shopee] API error for 6357021439: code=1000100252 msg=None
09:31:13 | WARNING | [shopee] Failed to update price for 6357021439
09:31:15 | INFO    | [shopee] Price sync complete: 1 synced, 0 skipped, 2 failed (out of 3 total)
09:31:15 | INFO    | [shopee] Starting order sync: marketplace -> Odoo
09:32:02 | INFO    | [shopee] Found 40 orders (status=new)
09:32:02 | INFO    | [shopee] Order sync complete: 0/40 imported
09:32:02 | INFO    | [shopee] Session saved to /home/lutpiero/marketplace-integrator/sessions/shopee_state.json
09:32:03 | INFO    | === Syncing tokopedia ===
09:32:03 | INFO    | [tokopedia] Loading marketplace products to populate cache...
09:32:05 | INFO    | [tokopedia] Loaded existing session from /home/lutpiero/marketplace-integrator/sessions/tokopedia_state.json
09:32:23 | INFO    | [tokopedia] Found 7 products
09:32:23 | INFO    | [tokopedia] Starting stock sync: Odoo -> marketplace
09:32:23 | INFO    | [tokopedia] Stock already 56 for 1729813263110669415
09:32:26 | INFO    | [tokopedia] Stock already 48 for 1729813263886550119
09:32:30 | INFO    | [tokopedia] Stock already 15 for 1729816440922801255
09:32:33 | INFO    | [tokopedia] Stock sync complete: 3 synced, 0 skipped, 0 failed (out of 3 total)
09:32:33 | INFO    | [tokopedia] Starting price sync: Odoo -> marketplace
09:32:36 | WARNING | [tokopedia] Price update submitted for 1729813263110669415: Rp90,000 (server acknowledged, may not persist — verify manually)
09:32:41 | WARNING | [tokopedia] Price update submitted for 1729813263886550119: Rp100,000 (server acknowledged, may not persist — verify manually)
09:32:45 | ERROR   | [tokopedia] Price update failed for 1729816440922801255: The product name must be between 25 and 255 characters, inclusive.
09:32:45 | WARNING | [tokopedia] Failed to update price for 1729816440922801255
09:32:48 | INFO    | [tokopedia] Price sync complete: 2 synced, 0 skipped, 1 failed (out of 3 total)
09:32:48 | INFO    | [tokopedia] Starting order sync: marketplace -> Odoo
09:33:21 | INFO    | [tokopedia] Found 1 orders (status=new)
09:33:21 | INFO    | [tokopedia] Order sync complete: 0/1 imported
09:33:24 | INFO    | [tokopedia] Session saved to /home/lutpiero/marketplace-integrator/sessions/tokopedia_state.json

=== Sync Results ===

shopee:
  stock: {'synced': 3, 'elapsed': 40.0}
  price: {'synced': 1, 'elapsed': 9.5}
  orders: {'synced': 0, 'elapsed': 46.6}

tokopedia:
  stock: {'synced': 3, 'elapsed': 9.7}
  price: {'synced': 2, 'elapsed': 15.7}
  orders: {'synced': 0, 'elapsed': 32.5}
10:00:03 | WARNING | LIVE MODE: Changes will be pushed to real marketplaces!
10:00:03 | WARNING | dry_run is False. This will modify live marketplace data. Press Ctrl+C within 5 seconds to abort...
10:00:08 | INFO    | === Syncing shopee ===
10:00:08 | INFO    | [shopee] Loading marketplace products to populate cache...
10:00:10 | INFO    | [shopee] Loaded existing session from /home/lutpiero/marketplace-integrator/sessions/shopee_state.json
10:00:10 | INFO    | [shopee] UA override applied to page (HeadlessChrome hidden)
10:00:30 | INFO    | [shopee] Found 11 products
10:00:30 | INFO    | [shopee] Starting stock sync: Odoo -> marketplace
10:00:33 | INFO    | Odoo authenticated as uid=2
10:00:49 | SUCCESS | [shopee] Stock updated for 28728642322: 15
10:00:53 | SUCCESS | [shopee] Stock updated for 4957025309: 48
10:00:57 | SUCCESS | [shopee] Stock updated for 6357021439: 56
10:00:59 | INFO    | [shopee] Stock sync complete: 3 synced, 0 skipped, 0 failed (out of 3 total)
10:00:59 | INFO    | [shopee] Starting price sync: Odoo -> marketplace
10:01:01 | SUCCESS | [shopee] Price updated for 28728642322: Rp6,000
10:01:04 | ERROR   | [shopee] API error for 4957025309: code=1000100252 msg=None
10:01:04 | WARNING | [shopee] Failed to update price for 4957025309
10:01:07 | ERROR   | [shopee] API error for 6357021439: code=1000100252 msg=None
10:01:07 | WARNING | [shopee] Failed to update price for 6357021439
10:01:09 | INFO    | [shopee] Price sync complete: 1 synced, 0 skipped, 2 failed (out of 3 total)
10:01:09 | INFO    | [shopee] Starting order sync: marketplace -> Odoo
10:01:53 | INFO    | [shopee] Found 40 orders (status=new)
10:01:53 | INFO    | [shopee] Order sync complete: 0/40 imported
10:01:53 | INFO    | [shopee] Session saved to /home/lutpiero/marketplace-integrator/sessions/shopee_state.json
10:01:54 | INFO    | === Syncing tokopedia ===
10:01:54 | INFO    | [tokopedia] Loading marketplace products to populate cache...
10:01:56 | INFO    | [tokopedia] Loaded existing session from /home/lutpiero/marketplace-integrator/sessions/tokopedia_state.json
10:02:15 | INFO    | [tokopedia] Found 7 products
10:02:15 | INFO    | [tokopedia] Starting stock sync: Odoo -> marketplace
10:02:16 | INFO    | [tokopedia] Stock already 56 for 1729813263110669415
10:02:19 | INFO    | [tokopedia] Stock already 48 for 1729813263886550119
10:02:22 | INFO    | [tokopedia] Stock already 15 for 1729816440922801255
10:02:25 | INFO    | [tokopedia] Stock sync complete: 3 synced, 0 skipped, 0 failed (out of 3 total)
10:02:25 | INFO    | [tokopedia] Starting price sync: Odoo -> marketplace
10:02:29 | WARNING | [tokopedia] Price update submitted for 1729813263110669415: Rp90,000 (server acknowledged, may not persist — verify manually)
10:02:34 | WARNING | [tokopedia] Price update submitted for 1729813263886550119: Rp100,000 (server acknowledged, may not persist — verify manually)
10:02:38 | ERROR   | [tokopedia] Price update failed for 1729816440922801255: The product name must be between 25 and 255 characters, inclusive.
10:02:38 | WARNING | [tokopedia] Failed to update price for 1729816440922801255
10:02:41 | INFO    | [tokopedia] Price sync complete: 2 synced, 0 skipped, 1 failed (out of 3 total)
10:02:41 | INFO    | [tokopedia] Starting order sync: marketplace -> Odoo
10:03:04 | INFO    | [tokopedia] Found 1 orders (status=new)
10:03:04 | INFO    | [tokopedia] Order sync complete: 0/1 imported
10:03:08 | INFO    | [tokopedia] Session saved to /home/lutpiero/marketplace-integrator/sessions/tokopedia_state.json

=== Sync Results ===

shopee:
  stock: {'synced': 3, 'elapsed': 28.4}
  price: {'synced': 1, 'elapsed': 10.0}
  orders: {'synced': 0, 'elapsed': 44.0}

tokopedia:
  stock: {'synced': 3, 'elapsed': 10.0}
  price: {'synced': 2, 'elapsed': 15.4}
  orders: {'synced': 0, 'elapsed': 23.6}
10:30:02 | WARNING | LIVE MODE: Changes will be pushed to real marketplaces!
10:30:02 | WARNING | dry_run is False. This will modify live marketplace data. Press Ctrl+C within 5 seconds to abort...
10:30:07 | INFO    | === Syncing shopee ===
10:30:07 | INFO    | [shopee] Loading marketplace products to populate cache...
10:30:10 | INFO    | [shopee] Loaded existing session from /home/lutpiero/marketplace-integrator/sessions/shopee_state.json
10:30:10 | INFO    | [shopee] UA override applied to page (HeadlessChrome hidden)
10:30:25 | INFO    | [shopee] Found 11 products
10:30:25 | INFO    | [shopee] Starting stock sync: Odoo -> marketplace
10:30:28 | INFO    | Odoo authenticated as uid=2
10:30:46 | SUCCESS | [shopee] Stock updated for 28728642322: 15
10:30:54 | SUCCESS | [shopee] Stock updated for 4957025309: 48
10:30:59 | SUCCESS | [shopee] Stock updated for 6357021439: 56
10:31:01 | INFO    | [shopee] Stock sync complete: 3 synced, 0 skipped, 0 failed (out of 3 total)
10:31:01 | INFO    | [shopee] Starting price sync: Odoo -> marketplace
10:31:05 | SUCCESS | [shopee] Price updated for 28728642322: Rp6,000
10:31:08 | ERROR   | [shopee] API error for 4957025309: code=1000100252 msg=None
10:31:08 | WARNING | [shopee] Failed to update price for 4957025309
10:31:11 | ERROR   | [shopee] API error for 6357021439: code=1000100252 msg=None
10:31:11 | WARNING | [shopee] Failed to update price for 6357021439
10:31:13 | INFO    | [shopee] Price sync complete: 1 synced, 0 skipped, 2 failed (out of 3 total)
10:31:13 | INFO    | [shopee] Starting order sync: marketplace -> Odoo
10:31:54 | INFO    | [shopee] Found 40 orders (status=new)
10:31:54 | INFO    | [shopee] Order sync complete: 0/40 imported
10:31:54 | INFO    | [shopee] Session saved to /home/lutpiero/marketplace-integrator/sessions/shopee_state.json
10:31:55 | INFO    | === Syncing tokopedia ===
10:31:55 | INFO    | [tokopedia] Loading marketplace products to populate cache...
10:31:58 | INFO    | [tokopedia] Loaded existing session from /home/lutpiero/marketplace-integrator/sessions/tokopedia_state.json
10:32:18 | ERROR   | Failed to sync tokopedia: Page.goto: Timeout 20000ms exceeded.
Call log:
  - navigating to "https://seller-id.tokopedia.com/product/manage", waiting until "load"

10:32:23 | INFO    | [tokopedia] Session saved to /home/lutpiero/marketplace-integrator/sessions/tokopedia_state.json

=== Sync Results ===

shopee:
  stock: {'synced': 3, 'elapsed': 36.5}
  price: {'synced': 1, 'elapsed': 11.2}
  orders: {'synced': 0, 'elapsed': 41.4}

tokopedia:
  error: Page.goto: Timeout 20000ms exceeded.
Call log:
  - navigating to "https://seller-id.tokopedia.com/product/manage", waiting until "load"

11:00:03 | WARNING | LIVE MODE: Changes will be pushed to real marketplaces!
11:00:03 | WARNING | dry_run is False. This will modify live marketplace data. Press Ctrl+C within 5 seconds to abort...
11:00:08 | INFO    | === Syncing shopee ===
11:00:08 | INFO    | [shopee] Loading marketplace products to populate cache...
11:00:11 | INFO    | [shopee] Loaded existing session from /home/lutpiero/marketplace-integrator/sessions/shopee_state.json
11:00:11 | INFO    | [shopee] UA override applied to page (HeadlessChrome hidden)
11:00:24 | INFO    | [shopee] Found 11 products
11:00:24 | INFO    | [shopee] Starting stock sync: Odoo -> marketplace
11:00:27 | INFO    | Odoo authenticated as uid=2
11:00:45 | SUCCESS | [shopee] Stock updated for 28728642322: 15
11:00:52 | SUCCESS | [shopee] Stock updated for 4957025309: 48
11:00:57 | SUCCESS | [shopee] Stock updated for 6357021439: 56
11:00:59 | INFO    | [shopee] Stock sync complete: 3 synced, 0 skipped, 0 failed (out of 3 total)
11:00:59 | INFO    | [shopee] Starting price sync: Odoo -> marketplace
11:01:01 | SUCCESS | [shopee] Price updated for 28728642322: Rp6,000
11:01:04 | ERROR   | [shopee] API error for 4957025309: code=1000100252 msg=None
11:01:04 | WARNING | [shopee] Failed to update price for 4957025309
11:01:07 | ERROR   | [shopee] API error for 6357021439: code=1000100252 msg=None
11:01:07 | WARNING | [shopee] Failed to update price for 6357021439
11:01:09 | INFO    | [shopee] Price sync complete: 1 synced, 0 skipped, 2 failed (out of 3 total)
11:01:09 | INFO    | [shopee] Starting order sync: marketplace -> Odoo
11:01:52 | INFO    | [shopee] Found 40 orders (status=new)
11:01:52 | INFO    | [shopee] Order sync complete: 0/40 imported
11:01:53 | INFO    | [shopee] Session saved to /home/lutpiero/marketplace-integrator/sessions/shopee_state.json
11:01:53 | INFO    | === Syncing tokopedia ===
11:01:53 | INFO    | [tokopedia] Loading marketplace products to populate cache...
11:01:56 | INFO    | [tokopedia] Loaded existing session from /home/lutpiero/marketplace-integrator/sessions/tokopedia_state.json
11:02:15 | INFO    | [tokopedia] Found 7 products
11:02:15 | INFO    | [tokopedia] Starting stock sync: Odoo -> marketplace
11:02:15 | INFO    | [tokopedia] Stock already 56 for 1729813263110669415
11:02:18 | INFO    | [tokopedia] Stock already 48 for 1729813263886550119
11:02:21 | INFO    | [tokopedia] Stock already 15 for 1729816440922801255
11:02:24 | INFO    | [tokopedia] Stock sync complete: 3 synced, 0 skipped, 0 failed (out of 3 total)
11:02:24 | INFO    | [tokopedia] Starting price sync: Odoo -> marketplace
11:02:28 | WARNING | [tokopedia] Price update submitted for 1729813263110669415: Rp90,000 (server acknowledged, may not persist — verify manually)
11:02:32 | WARNING | [tokopedia] Price update submitted for 1729813263886550119: Rp100,000 (server acknowledged, may not persist — verify manually)
11:02:38 | ERROR   | [tokopedia] Price update failed for 1729816440922801255: The product name must be between 25 and 255 characters, inclusive.
11:02:38 | WARNING | [tokopedia] Failed to update price for 1729816440922801255
11:02:41 | INFO    | [tokopedia] Price sync complete: 2 synced, 0 skipped, 1 failed (out of 3 total)
11:02:41 | INFO    | [tokopedia] Starting order sync: marketplace -> Odoo
11:03:17 | INFO    | [tokopedia] Found 1 orders (status=new)
11:03:17 | INFO    | [tokopedia] Order sync complete: 0/1 imported
11:03:20 | INFO    | [tokopedia] Session saved to /home/lutpiero/marketplace-integrator/sessions/tokopedia_state.json

=== Sync Results ===

shopee:
  stock: {'synced': 3, 'elapsed': 34.7}
  price: {'synced': 1, 'elapsed': 9.6}
  orders: {'synced': 0, 'elapsed': 43.5}

tokopedia:
  stock: {'synced': 3, 'elapsed': 9.6}
  price: {'synced': 2, 'elapsed': 17.1}
  orders: {'synced': 0, 'elapsed': 35.3}
11:30:04 | WARNING | LIVE MODE: Changes will be pushed to real marketplaces!
11:30:04 | WARNING | dry_run is False. This will modify live marketplace data. Press Ctrl+C within 5 seconds to abort...
11:30:09 | INFO    | === Syncing shopee ===
11:30:09 | INFO    | [shopee] Loading marketplace products to populate cache...
11:30:11 | INFO    | [shopee] Loaded existing session from /home/lutpiero/marketplace-integrator/sessions/shopee_state.json
11:30:11 | INFO    | [shopee] UA override applied to page (HeadlessChrome hidden)
11:30:27 | INFO    | [shopee] Found 11 products
11:30:27 | INFO    | [shopee] Starting stock sync: Odoo -> marketplace
11:30:29 | INFO    | Odoo authenticated as uid=2
11:30:43 | SUCCESS | [shopee] Stock updated for 28728642322: 15
11:30:56 | SUCCESS | [shopee] Stock updated for 4957025309: 48
11:31:01 | SUCCESS | [shopee] Stock updated for 6357021439: 56
11:31:03 | INFO    | [shopee] Stock sync complete: 3 synced, 0 skipped, 0 failed (out of 3 total)
11:31:03 | INFO    | [shopee] Starting price sync: Odoo -> marketplace
11:31:04 | SUCCESS | [shopee] Price updated for 28728642322: Rp6,000
11:31:08 | ERROR   | [shopee] API error for 4957025309: code=1000100252 msg=None
11:31:08 | WARNING | [shopee] Failed to update price for 4957025309
11:31:11 | ERROR   | [shopee] API error for 6357021439: code=1000100252 msg=None
11:31:11 | WARNING | [shopee] Failed to update price for 6357021439
11:31:13 | INFO    | [shopee] Price sync complete: 1 synced, 0 skipped, 2 failed (out of 3 total)
11:31:13 | INFO    | [shopee] Starting order sync: marketplace -> Odoo
11:31:56 | INFO    | [shopee] Found 40 orders (status=new)
11:31:58 | INFO    | Odoo sale.order#60 confirmed — stock.picking will be created
11:31:58 | INFO    | [shopee] Order 238479849244430 confirmed — stock.picking created
11:32:01 | INFO    | Odoo account.move#115 created and posted from sale.order#60
11:32:01 | INFO    | [shopee] Order 238479849244430 invoiced — account.move#115
11:32:03 | INFO    | [shopee] WhatsApp notification sent for order 238479849244430
11:32:03 | INFO    | [shopee] Order 238479849244430 -> Odoo sale.order#60
11:32:05 | INFO    | [shopee] Order sync complete: 1/40 imported
11:32:05 | INFO    | [shopee] Session saved to /home/lutpiero/marketplace-integrator/sessions/shopee_state.json
11:32:06 | INFO    | === Syncing tokopedia ===
11:32:06 | INFO    | [tokopedia] Loading marketplace products to populate cache...
11:32:08 | INFO    | [tokopedia] Loaded existing session from /home/lutpiero/marketplace-integrator/sessions/tokopedia_state.json
11:32:26 | INFO    | [tokopedia] Found 7 products
11:32:26 | INFO    | [tokopedia] Starting stock sync: Odoo -> marketplace
11:32:26 | INFO    | [tokopedia] Stock already 56 for 1729813263110669415
11:32:30 | INFO    | [tokopedia] Stock already 48 for 1729813263886550119
11:32:33 | INFO    | [tokopedia] Stock already 15 for 1729816440922801255
11:32:36 | INFO    | [tokopedia] Stock sync complete: 3 synced, 0 skipped, 0 failed (out of 3 total)
11:32:36 | INFO    | [tokopedia] Starting price sync: Odoo -> marketplace
11:32:40 | WARNING | [tokopedia] Price update submitted for 1729813263110669415: Rp90,000 (server acknowledged, may not persist — verify manually)
11:32:44 | WARNING | [tokopedia] Price update submitted for 1729813263886550119: Rp100,000 (server acknowledged, may not persist — verify manually)
11:32:51 | ERROR   | [tokopedia] Price update failed for 1729816440922801255: The product name must be between 25 and 255 characters, inclusive.
11:32:51 | WARNING | [tokopedia] Failed to update price for 1729816440922801255
11:32:54 | INFO    | [tokopedia] Price sync complete: 2 synced, 0 skipped, 1 failed (out of 3 total)
11:32:54 | INFO    | [tokopedia] Starting order sync: marketplace -> Odoo
11:33:27 | INFO    | [tokopedia] Found 1 orders (status=new)
11:33:27 | INFO    | [tokopedia] Order sync complete: 0/1 imported
11:33:30 | INFO    | [tokopedia] Session saved to /home/lutpiero/marketplace-integrator/sessions/tokopedia_state.json

=== Sync Results ===

shopee:
  stock: {'synced': 3, 'elapsed': 36.3}
  price: {'synced': 1, 'elapsed': 10.0}
  orders: {'synced': 1, 'elapsed': 52.2}

tokopedia:
  stock: {'synced': 3, 'elapsed': 9.7}
  price: {'synced': 2, 'elapsed': 18.1}
  orders: {'synced': 0, 'elapsed': 33.4}
12:00:03 | WARNING | LIVE MODE: Changes will be pushed to real marketplaces!
12:00:03 | WARNING | dry_run is False. This will modify live marketplace data. Press Ctrl+C within 5 seconds to abort...
12:00:08 | INFO    | === Syncing shopee ===
12:00:08 | INFO    | [shopee] Loading marketplace products to populate cache...
12:00:11 | INFO    | [shopee] Loaded existing session from /home/lutpiero/marketplace-integrator/sessions/shopee_state.json
12:00:11 | INFO    | [shopee] UA override applied to page (HeadlessChrome hidden)
12:00:25 | INFO    | [shopee] Found 11 products
12:00:25 | INFO    | [shopee] Starting stock sync: Odoo -> marketplace
12:00:28 | INFO    | Odoo authenticated as uid=2
12:00:42 | SUCCESS | [shopee] Stock updated for 28728642322: 15
12:00:55 | SUCCESS | [shopee] Stock updated for 4957025309: 48
12:00:59 | SUCCESS | [shopee] Stock updated for 6357021439: 56
12:01:01 | INFO    | [shopee] Stock sync complete: 3 synced, 0 skipped, 0 failed (out of 3 total)
12:01:01 | INFO    | [shopee] Starting price sync: Odoo -> marketplace
12:01:03 | SUCCESS | [shopee] Price updated for 28728642322: Rp6,000
12:01:07 | ERROR   | [shopee] API error for 4957025309: code=1000100252 msg=None
12:01:07 | WARNING | [shopee] Failed to update price for 4957025309
12:01:10 | ERROR   | [shopee] API error for 6357021439: code=1000100252 msg=None
12:01:10 | WARNING | [shopee] Failed to update price for 6357021439
12:01:12 | INFO    | [shopee] Price sync complete: 1 synced, 0 skipped, 2 failed (out of 3 total)
12:01:12 | INFO    | [shopee] Starting order sync: marketplace -> Odoo
12:01:56 | INFO    | [shopee] Found 40 orders (status=new)
12:01:56 | INFO    | [shopee] Order sync complete: 0/40 imported
12:01:56 | INFO    | [shopee] Session saved to /home/lutpiero/marketplace-integrator/sessions/shopee_state.json
12:01:57 | INFO    | === Syncing tokopedia ===
12:01:57 | INFO    | [tokopedia] Loading marketplace products to populate cache...
12:02:00 | INFO    | [tokopedia] Loaded existing session from /home/lutpiero/marketplace-integrator/sessions/tokopedia_state.json
12:02:19 | INFO    | [tokopedia] Found 7 products
12:02:19 | INFO    | [tokopedia] Starting stock sync: Odoo -> marketplace
12:02:20 | INFO    | [tokopedia] Stock already 56 for 1729813263110669415
12:02:23 | INFO    | [tokopedia] Stock already 48 for 1729813263886550119
12:02:27 | INFO    | [tokopedia] Stock already 15 for 1729816440922801255
12:02:30 | INFO    | [tokopedia] Stock sync complete: 3 synced, 0 skipped, 0 failed (out of 3 total)
12:02:30 | INFO    | [tokopedia] Starting price sync: Odoo -> marketplace
12:02:36 | WARNING | [tokopedia] Price update submitted for 1729813263110669415: Rp90,000 (server acknowledged, may not persist — verify manually)
12:02:41 | WARNING | [tokopedia] Price update submitted for 1729813263886550119: Rp100,000 (server acknowledged, may not persist — verify manually)
12:02:45 | ERROR   | [tokopedia] Price update failed for 1729816440922801255: The product name must be between 25 and 255 characters, inclusive.
12:02:45 | WARNING | [tokopedia] Failed to update price for 1729816440922801255
12:02:48 | INFO    | [tokopedia] Price sync complete: 2 synced, 0 skipped, 1 failed (out of 3 total)
12:02:48 | INFO    | [tokopedia] Starting order sync: marketplace -> Odoo
12:03:15 | INFO    | [tokopedia] Found 0 orders (status=new)
12:03:15 | INFO    | [tokopedia] No new orders found.
12:03:16 | INFO    | [tokopedia] Session saved to /home/lutpiero/marketplace-integrator/sessions/tokopedia_state.json

=== Sync Results ===

shopee:
  stock: {'synced': 3, 'elapsed': 35.6}
  price: {'synced': 1, 'elapsed': 11.3}
  orders: {'synced': 0, 'elapsed': 44.1}

tokopedia:
  stock: {'synced': 3, 'elapsed': 10.3}
  price: {'synced': 2, 'elapsed': 18.3}
  orders: {'synced': 0, 'elapsed': 26.9}
12:30:03 | WARNING | LIVE MODE: Changes will be pushed to real marketplaces!
12:30:03 | WARNING | dry_run is False. This will modify live marketplace data. Press Ctrl+C within 5 seconds to abort...
12:30:08 | INFO    | === Syncing shopee ===
12:30:08 | INFO    | [shopee] Loading marketplace products to populate cache...
12:30:10 | INFO    | [shopee] Loaded existing session from /home/lutpiero/marketplace-integrator/sessions/shopee_state.json
12:30:10 | INFO    | [shopee] UA override applied to page (HeadlessChrome hidden)
12:30:25 | INFO    | [shopee] Found 11 products
12:30:25 | INFO    | [shopee] Starting stock sync: Odoo -> marketplace
12:30:28 | INFO    | Odoo authenticated as uid=2
12:30:44 | SUCCESS | [shopee] Stock updated for 28728642322: 15
12:30:49 | SUCCESS | [shopee] Stock updated for 4957025309: 48
12:30:54 | SUCCESS | [shopee] Stock updated for 6357021439: 56
12:30:56 | INFO    | [shopee] Stock sync complete: 3 synced, 0 skipped, 0 failed (out of 3 total)
12:30:56 | INFO    | [shopee] Starting price sync: Odoo -> marketplace
12:30:59 | SUCCESS | [shopee] Price updated for 28728642322: Rp6,000
12:31:02 | ERROR   | [shopee] API error for 4957025309: code=1000100252 msg=None
12:31:02 | WARNING | [shopee] Failed to update price for 4957025309
12:31:05 | ERROR   | [shopee] API error for 6357021439: code=1000100252 msg=None
12:31:05 | WARNING | [shopee] Failed to update price for 6357021439
12:31:07 | INFO    | [shopee] Price sync complete: 1 synced, 0 skipped, 2 failed (out of 3 total)
12:31:07 | INFO    | [shopee] Starting order sync: marketplace -> Odoo
12:31:47 | INFO    | [shopee] Found 40 orders (status=new)
12:31:47 | INFO    | [shopee] Order sync complete: 0/40 imported
12:31:48 | INFO    | [shopee] Session saved to /home/lutpiero/marketplace-integrator/sessions/shopee_state.json
12:31:48 | INFO    | === Syncing tokopedia ===
12:31:48 | INFO    | [tokopedia] Loading marketplace products to populate cache...
12:31:51 | INFO    | [tokopedia] Loaded existing session from /home/lutpiero/marketplace-integrator/sessions/tokopedia_state.json
12:32:09 | INFO    | [tokopedia] Found 7 products
12:32:09 | INFO    | [tokopedia] Starting stock sync: Odoo -> marketplace
12:32:09 | INFO    | [tokopedia] Stock already 56 for 1729813263110669415
12:32:13 | INFO    | [tokopedia] Stock already 48 for 1729813263886550119
12:32:16 | INFO    | [tokopedia] Stock already 15 for 1729816440922801255
12:32:19 | INFO    | [tokopedia] Stock sync complete: 3 synced, 0 skipped, 0 failed (out of 3 total)
12:32:19 | INFO    | [tokopedia] Starting price sync: Odoo -> marketplace
12:32:23 | WARNING | [tokopedia] Price update submitted for 1729813263110669415: Rp90,000 (server acknowledged, may not persist — verify manually)
12:32:27 | WARNING | [tokopedia] Price update submitted for 1729813263886550119: Rp100,000 (server acknowledged, may not persist — verify manually)
12:32:34 | ERROR   | [tokopedia] Price update failed for 1729816440922801255: The product name must be between 25 and 255 characters, inclusive.
12:32:34 | WARNING | [tokopedia] Failed to update price for 1729816440922801255
12:32:37 | INFO    | [tokopedia] Price sync complete: 2 synced, 0 skipped, 1 failed (out of 3 total)
12:32:37 | INFO    | [tokopedia] Starting order sync: marketplace -> Odoo
12:33:12 | INFO    | [tokopedia] Found 0 orders (status=new)
12:33:12 | INFO    | [tokopedia] No new orders found.
12:33:14 | INFO    | [tokopedia] Session saved to /home/lutpiero/marketplace-integrator/sessions/tokopedia_state.json

=== Sync Results ===

shopee:
  stock: {'synced': 3, 'elapsed': 31.4}
  price: {'synced': 1, 'elapsed': 10.4}
  orders: {'synced': 0, 'elapsed': 40.6}

tokopedia:
  stock: {'synced': 3, 'elapsed': 9.9}
  price: {'synced': 2, 'elapsed': 17.6}
  orders: {'synced': 0, 'elapsed': 35.9}
13:00:03 | WARNING | LIVE MODE: Changes will be pushed to real marketplaces!
13:00:03 | WARNING | dry_run is False. This will modify live marketplace data. Press Ctrl+C within 5 seconds to abort...
13:00:08 | INFO    | === Syncing shopee ===
13:00:08 | INFO    | [shopee] Loading marketplace products to populate cache...
13:00:11 | INFO    | [shopee] Loaded existing session from /home/lutpiero/marketplace-integrator/sessions/shopee_state.json
13:00:11 | INFO    | [shopee] UA override applied to page (HeadlessChrome hidden)
13:00:31 | INFO    | [shopee] Found 11 products
13:00:31 | INFO    | [shopee] Starting stock sync: Odoo -> marketplace
13:00:33 | INFO    | Odoo authenticated as uid=2
13:00:47 | SUCCESS | [shopee] Stock updated for 28728642322: 15
13:00:51 | SUCCESS | [shopee] Stock updated for 4957025309: 48
13:00:54 | SUCCESS | [shopee] Stock updated for 6357021439: 56
13:00:56 | INFO    | [shopee] Stock sync complete: 3 synced, 0 skipped, 0 failed (out of 3 total)
13:00:56 | INFO    | [shopee] Starting price sync: Odoo -> marketplace
13:00:58 | SUCCESS | [shopee] Price updated for 28728642322: Rp6,000
13:01:01 | ERROR   | [shopee] API error for 4957025309: code=1000100252 msg=None
13:01:01 | WARNING | [shopee] Failed to update price for 4957025309
13:01:04 | ERROR   | [shopee] API error for 6357021439: code=1000100252 msg=None
13:01:04 | WARNING | [shopee] Failed to update price for 6357021439
13:01:06 | INFO    | [shopee] Price sync complete: 1 synced, 0 skipped, 2 failed (out of 3 total)
13:01:06 | INFO    | [shopee] Starting order sync: marketplace -> Odoo
13:01:43 | INFO    | [shopee] Found 40 orders (status=new)
13:01:43 | INFO    | [shopee] Order sync complete: 0/40 imported
13:01:44 | INFO    | [shopee] Session saved to /home/lutpiero/marketplace-integrator/sessions/shopee_state.json
13:01:44 | INFO    | === Syncing tokopedia ===
13:01:44 | INFO    | [tokopedia] Loading marketplace products to populate cache...
13:01:46 | INFO    | [tokopedia] Loaded existing session from /home/lutpiero/marketplace-integrator/sessions/tokopedia_state.json
13:02:03 | INFO    | [tokopedia] Found 7 products
13:02:03 | INFO    | [tokopedia] Starting stock sync: Odoo -> marketplace
13:02:13 | SUCCESS | [tokopedia] Stock updated for 1729813263110669415: 54 -> 56 (delta=2)
13:02:16 | INFO    | [tokopedia] Stock already 48 for 1729813263886550119
13:02:19 | INFO    | [tokopedia] Stock already 15 for 1729816440922801255
13:02:22 | INFO    | [tokopedia] Stock sync complete: 3 synced, 0 skipped, 0 failed (out of 3 total)
13:02:22 | INFO    | [tokopedia] Starting price sync: Odoo -> marketplace
13:02:24 | WARNING | [tokopedia] Price update submitted for 1729813263110669415: Rp90,000 (server acknowledged, may not persist — verify manually)
13:02:28 | WARNING | [tokopedia] Price update submitted for 1729813263886550119: Rp100,000 (server acknowledged, may not persist — verify manually)
13:02:34 | ERROR   | [tokopedia] Price update failed for 1729816440922801255: The product name must be between 25 and 255 characters, inclusive.
13:02:34 | WARNING | [tokopedia] Failed to update price for 1729816440922801255
13:02:37 | INFO    | [tokopedia] Price sync complete: 2 synced, 0 skipped, 1 failed (out of 3 total)
13:02:37 | INFO    | [tokopedia] Starting order sync: marketplace -> Odoo
13:03:16 | INFO    | [tokopedia] Found 0 orders (status=new)
13:03:16 | INFO    | [tokopedia] No new orders found.
13:03:18 | INFO    | [tokopedia] Session saved to /home/lutpiero/marketplace-integrator/sessions/tokopedia_state.json

=== Sync Results ===

shopee:
  stock: {'synced': 3, 'elapsed': 25.4}
  price: {'synced': 1, 'elapsed': 9.4}
  orders: {'synced': 0, 'elapsed': 37.9}

tokopedia:
  stock: {'synced': 3, 'elapsed': 19.2}
  price: {'synced': 2, 'elapsed': 14.8}
  orders: {'synced': 0, 'elapsed': 39.2}
13:30:03 | WARNING | LIVE MODE: Changes will be pushed to real marketplaces!
13:30:03 | WARNING | dry_run is False. This will modify live marketplace data. Press Ctrl+C within 5 seconds to abort...
13:30:08 | INFO    | === Syncing shopee ===
13:30:08 | INFO    | [shopee] Loading marketplace products to populate cache...
13:30:10 | INFO    | [shopee] Loaded existing session from /home/lutpiero/marketplace-integrator/sessions/shopee_state.json
13:30:10 | INFO    | [shopee] UA override applied to page (HeadlessChrome hidden)
13:30:24 | INFO    | [shopee] Found 11 products
13:30:24 | INFO    | [shopee] Starting stock sync: Odoo -> marketplace
13:30:26 | INFO    | Odoo authenticated as uid=2
13:30:43 | SUCCESS | [shopee] Stock updated for 28728642322: 15
13:30:51 | SUCCESS | [shopee] Stock updated for 4957025309: 48
13:30:57 | SUCCESS | [shopee] Stock updated for 6357021439: 56
13:30:59 | INFO    | [shopee] Stock sync complete: 3 synced, 0 skipped, 0 failed (out of 3 total)
13:30:59 | INFO    | [shopee] Starting price sync: Odoo -> marketplace
13:31:01 | SUCCESS | [shopee] Price updated for 28728642322: Rp6,000
13:31:04 | ERROR   | [shopee] API error for 4957025309: code=1000100252 msg=None
13:31:04 | WARNING | [shopee] Failed to update price for 4957025309
13:31:06 | ERROR   | [shopee] API error for 6357021439: code=1000100252 msg=None
13:31:06 | WARNING | [shopee] Failed to update price for 6357021439
13:31:08 | INFO    | [shopee] Price sync complete: 1 synced, 0 skipped, 2 failed (out of 3 total)
13:31:08 | INFO    | [shopee] Starting order sync: marketplace -> Odoo
13:31:49 | INFO    | [shopee] Found 40 orders (status=new)
13:31:49 | INFO    | [shopee] Order sync complete: 0/40 imported
13:31:49 | INFO    | [shopee] Session saved to /home/lutpiero/marketplace-integrator/sessions/shopee_state.json
13:31:49 | INFO    | === Syncing tokopedia ===
13:31:49 | INFO    | [tokopedia] Loading marketplace products to populate cache...
13:31:51 | INFO    | [tokopedia] Loaded existing session from /home/lutpiero/marketplace-integrator/sessions/tokopedia_state.json
13:32:12 | ERROR   | Failed to sync tokopedia: Page.goto: Timeout 20000ms exceeded.
Call log:
  - navigating to "https://seller-id.tokopedia.com/product/manage", waiting until "load"

13:32:19 | INFO    | [tokopedia] Session saved to /home/lutpiero/marketplace-integrator/sessions/tokopedia_state.json

=== Sync Results ===

shopee:
  stock: {'synced': 3, 'elapsed': 35.0}
  price: {'synced': 1, 'elapsed': 9.7}
  orders: {'synced': 0, 'elapsed': 40.3}

tokopedia:
  error: Page.goto: Timeout 20000ms exceeded.
Call log:
  - navigating to "https://seller-id.tokopedia.com/product/manage", waiting until "load"

14:00:03 | WARNING | LIVE MODE: Changes will be pushed to real marketplaces!
14:00:03 | WARNING | dry_run is False. This will modify live marketplace data. Press Ctrl+C within 5 seconds to abort...
14:00:08 | INFO    | === Syncing shopee ===
14:00:08 | INFO    | [shopee] Loading marketplace products to populate cache...
14:00:10 | INFO    | [shopee] Loaded existing session from /home/lutpiero/marketplace-integrator/sessions/shopee_state.json
14:00:10 | INFO    | [shopee] UA override applied to page (HeadlessChrome hidden)
14:00:31 | INFO    | [shopee] Found 11 products
14:00:31 | INFO    | [shopee] Starting stock sync: Odoo -> marketplace
14:00:34 | INFO    | Odoo authenticated as uid=2
14:00:47 | SUCCESS | [shopee] Stock updated for 28728642322: 15
14:00:51 | SUCCESS | [shopee] Stock updated for 4957025309: 48
14:00:55 | SUCCESS | [shopee] Stock updated for 6357021439: 56
14:00:57 | INFO    | [shopee] Stock sync complete: 3 synced, 0 skipped, 0 failed (out of 3 total)
14:00:57 | INFO    | [shopee] Starting price sync: Odoo -> marketplace
14:00:59 | SUCCESS | [shopee] Price updated for 28728642322: Rp6,000
14:01:02 | ERROR   | [shopee] API error for 4957025309: code=1000100252 msg=None
14:01:02 | WARNING | [shopee] Failed to update price for 4957025309
14:01:05 | ERROR   | [shopee] API error for 6357021439: code=1000100252 msg=None
14:01:05 | WARNING | [shopee] Failed to update price for 6357021439
14:01:07 | INFO    | [shopee] Price sync complete: 1 synced, 0 skipped, 2 failed (out of 3 total)
14:01:07 | INFO    | [shopee] Starting order sync: marketplace -> Odoo
14:01:47 | INFO    | [shopee] Found 40 orders (status=new)
14:01:47 | INFO    | [shopee] Order sync complete: 0/40 imported
14:01:48 | INFO    | [shopee] Session saved to /home/lutpiero/marketplace-integrator/sessions/shopee_state.json
14:01:48 | INFO    | === Syncing tokopedia ===
14:01:48 | INFO    | [tokopedia] Loading marketplace products to populate cache...
14:01:50 | INFO    | [tokopedia] Loaded existing session from /home/lutpiero/marketplace-integrator/sessions/tokopedia_state.json
14:02:10 | ERROR   | Failed to sync tokopedia: Page.goto: Timeout 20000ms exceeded.
Call log:
  - navigating to "https://seller-id.tokopedia.com/product/manage", waiting until "load"

14:02:15 | INFO    | [tokopedia] Session saved to /home/lutpiero/marketplace-integrator/sessions/tokopedia_state.json

=== Sync Results ===

shopee:
  stock: {'synced': 3, 'elapsed': 26.2}
  price: {'synced': 1, 'elapsed': 9.5}
  orders: {'synced': 0, 'elapsed': 40.5}

tokopedia:
  error: Page.goto: Timeout 20000ms exceeded.
Call log:
  - navigating to "https://seller-id.tokopedia.com/product/manage", waiting until "load"

14:30:03 | WARNING | LIVE MODE: Changes will be pushed to real marketplaces!
14:30:03 | WARNING | dry_run is False. This will modify live marketplace data. Press Ctrl+C within 5 seconds to abort...
14:30:08 | INFO    | === Syncing shopee ===
14:30:08 | INFO    | [shopee] Loading marketplace products to populate cache...
14:30:10 | INFO    | [shopee] Loaded existing session from /home/lutpiero/marketplace-integrator/sessions/shopee_state.json
14:30:10 | INFO    | [shopee] UA override applied to page (HeadlessChrome hidden)
14:30:30 | INFO    | [shopee] Found 11 products
14:30:30 | INFO    | [shopee] Starting stock sync: Odoo -> marketplace
14:30:33 | INFO    | Odoo authenticated as uid=2
14:30:46 | SUCCESS | [shopee] Stock updated for 28728642322: 15
14:30:51 | SUCCESS | [shopee] Stock updated for 4957025309: 48
14:30:56 | SUCCESS | [shopee] Stock updated for 6357021439: 56
14:30:58 | INFO    | [shopee] Stock sync complete: 3 synced, 0 skipped, 0 failed (out of 3 total)
14:30:58 | INFO    | [shopee] Starting price sync: Odoo -> marketplace
14:30:59 | SUCCESS | [shopee] Price updated for 28728642322: Rp6,000
14:31:02 | ERROR   | [shopee] API error for 4957025309: code=1000100252 msg=None
14:31:02 | WARNING | [shopee] Failed to update price for 4957025309
14:31:05 | ERROR   | [shopee] API error for 6357021439: code=1000100252 msg=None
14:31:05 | WARNING | [shopee] Failed to update price for 6357021439
14:31:07 | INFO    | [shopee] Price sync complete: 1 synced, 0 skipped, 2 failed (out of 3 total)
14:31:07 | INFO    | [shopee] Starting order sync: marketplace -> Odoo
14:31:47 | INFO    | [shopee] Found 40 orders (status=new)
14:31:47 | INFO    | [shopee] Order sync complete: 0/40 imported
14:31:47 | INFO    | [shopee] Session saved to /home/lutpiero/marketplace-integrator/sessions/shopee_state.json
14:31:48 | INFO    | === Syncing tokopedia ===
14:31:48 | INFO    | [tokopedia] Loading marketplace products to populate cache...
14:31:50 | INFO    | [tokopedia] Loaded existing session from /home/lutpiero/marketplace-integrator/sessions/tokopedia_state.json
14:32:07 | INFO    | [tokopedia] Found 7 products
14:32:07 | INFO    | [tokopedia] Starting stock sync: Odoo -> marketplace
14:32:08 | INFO    | [tokopedia] Stock already 56 for 1729813263110669415
14:32:11 | INFO    | [tokopedia] Stock already 48 for 1729813263886550119
14:32:14 | INFO    | [tokopedia] Stock already 15 for 1729816440922801255
14:32:17 | INFO    | [tokopedia] Stock sync complete: 3 synced, 0 skipped, 0 failed (out of 3 total)
14:32:17 | INFO    | [tokopedia] Starting price sync: Odoo -> marketplace
14:32:20 | WARNING | [tokopedia] Price update submitted for 1729813263110669415: Rp90,000 (server acknowledged, may not persist — verify manually)
14:32:25 | WARNING | [tokopedia] Price update submitted for 1729813263886550119: Rp100,000 (server acknowledged, may not persist — verify manually)
14:32:29 | ERROR   | [tokopedia] Price update failed for 1729816440922801255: The product name must be between 25 and 255 characters, inclusive.
14:32:29 | WARNING | [tokopedia] Failed to update price for 1729816440922801255
14:32:32 | INFO    | [tokopedia] Price sync complete: 2 synced, 0 skipped, 1 failed (out of 3 total)
14:32:32 | INFO    | [tokopedia] Starting order sync: marketplace -> Odoo
14:32:56 | INFO    | [tokopedia] Found 0 orders (status=new)
14:32:56 | INFO    | [tokopedia] No new orders found.
14:32:57 | INFO    | [tokopedia] Session saved to /home/lutpiero/marketplace-integrator/sessions/tokopedia_state.json

=== Sync Results ===

shopee:
  stock: {'synced': 3, 'elapsed': 27.5}
  price: {'synced': 1, 'elapsed': 8.8}
  orders: {'synced': 0, 'elapsed': 40.6}

tokopedia:
  stock: {'synced': 3, 'elapsed': 9.5}
  price: {'synced': 2, 'elapsed': 15.1}
  orders: {'synced': 0, 'elapsed': 24.5}
15:00:03 | WARNING | LIVE MODE: Changes will be pushed to real marketplaces!
15:00:03 | WARNING | dry_run is False. This will modify live marketplace data. Press Ctrl+C within 5 seconds to abort...
15:00:08 | INFO    | === Syncing shopee ===
15:00:08 | INFO    | [shopee] Loading marketplace products to populate cache...
15:00:10 | INFO    | [shopee] Loaded existing session from /home/lutpiero/marketplace-integrator/sessions/shopee_state.json
15:00:10 | INFO    | [shopee] UA override applied to page (HeadlessChrome hidden)
15:00:26 | INFO    | [shopee] Found 11 products
15:00:26 | INFO    | [shopee] Starting stock sync: Odoo -> marketplace
15:00:29 | INFO    | Odoo authenticated as uid=2
15:00:44 | SUCCESS | [shopee] Stock updated for 28728642322: 15
15:00:48 | SUCCESS | [shopee] Stock updated for 4957025309: 48
15:00:55 | SUCCESS | [shopee] Stock updated for 6357021439: 56
15:00:57 | INFO    | [shopee] Stock sync complete: 3 synced, 0 skipped, 0 failed (out of 3 total)
15:00:57 | INFO    | [shopee] Starting price sync: Odoo -> marketplace
15:01:00 | SUCCESS | [shopee] Price updated for 28728642322: Rp6,000
15:01:02 | ERROR   | [shopee] API error for 4957025309: code=1000100252 msg=None
15:01:02 | WARNING | [shopee] Failed to update price for 4957025309
15:01:05 | ERROR   | [shopee] API error for 6357021439: code=1000100252 msg=None
15:01:05 | WARNING | [shopee] Failed to update price for 6357021439
15:01:07 | INFO    | [shopee] Price sync complete: 1 synced, 0 skipped, 2 failed (out of 3 total)
15:01:07 | INFO    | [shopee] Starting order sync: marketplace -> Odoo
15:01:47 | INFO    | [shopee] Found 40 orders (status=new)
15:01:47 | INFO    | [shopee] Order sync complete: 0/40 imported
15:01:48 | INFO    | [shopee] Session saved to /home/lutpiero/marketplace-integrator/sessions/shopee_state.json
15:01:48 | INFO    | === Syncing tokopedia ===
15:01:48 | INFO    | [tokopedia] Loading marketplace products to populate cache...
15:01:50 | INFO    | [tokopedia] Loaded existing session from /home/lutpiero/marketplace-integrator/sessions/tokopedia_state.json
15:02:18 | ERROR   | [tokopedia] Session expired. Run 'login tokopedia' to re-authenticate.
15:02:18 | INFO    | [tokopedia] Starting stock sync: Odoo -> marketplace
15:02:37 | ERROR   | [tokopedia] Session expired. Run 'login tokopedia' to re-authenticate.
15:02:37 | ERROR   | [tokopedia] No cache for product 1729813263110669415. Run get_products() first.
15:02:37 | WARNING | [tokopedia] Failed to update stock for 1729813263110669415
15:02:59 | ERROR   | [tokopedia] Session expired. Run 'login tokopedia' to re-authenticate.
15:02:59 | ERROR   | [tokopedia] No cache for product 1729813263886550119. Run get_products() first.
15:02:59 | WARNING | [tokopedia] Failed to update stock for 1729813263886550119
15:03:24 | ERROR   | [tokopedia] Session expired. Run 'login tokopedia' to re-authenticate.
15:03:24 | ERROR   | [tokopedia] No cache for product 1729816440922801255. Run get_products() first.
15:03:24 | WARNING | [tokopedia] Failed to update stock for 1729816440922801255
15:03:27 | INFO    | [tokopedia] Stock sync complete: 0 synced, 0 skipped, 3 failed (out of 3 total)
15:03:27 | INFO    | [tokopedia] Starting price sync: Odoo -> marketplace
15:03:50 | ERROR   | [tokopedia] Session expired. Run 'login tokopedia' to re-authenticate.
15:03:50 | ERROR   | [tokopedia] No cache for product 1729813263110669415. Run get_products() first.
15:03:50 | WARNING | [tokopedia] Failed to update price for 1729813263110669415
15:04:12 | ERROR   | [tokopedia] Session expired. Run 'login tokopedia' to re-authenticate.
15:04:12 | ERROR   | [tokopedia] No cache for product 1729813263886550119. Run get_products() first.
15:04:12 | WARNING | [tokopedia] Failed to update price for 1729813263886550119
15:04:38 | ERROR   | [tokopedia] Session expired. Run 'login tokopedia' to re-authenticate.
15:04:38 | ERROR   | [tokopedia] No cache for product 1729816440922801255. Run get_products() first.
15:04:38 | WARNING | [tokopedia] Failed to update price for 1729816440922801255
15:04:41 | INFO    | [tokopedia] Price sync complete: 0 synced, 0 skipped, 3 failed (out of 3 total)
15:04:41 | INFO    | [tokopedia] Starting order sync: marketplace -> Odoo
15:05:00 | ERROR   | [tokopedia] Session expired.
15:05:00 | INFO    | [tokopedia] No new orders found.
15:05:01 | INFO    | [tokopedia] Session saved to /home/lutpiero/marketplace-integrator/sessions/tokopedia_state.json

=== Sync Results ===

shopee:
  stock: {'synced': 3, 'elapsed': 30.5}
  price: {'synced': 1, 'elapsed': 10.2}
  orders: {'synced': 0, 'elapsed': 40.4}

tokopedia:
  stock: {'synced': 0, 'elapsed': 69.5}
  price: {'synced': 0, 'elapsed': 73.6}
  orders: {'synced': 0, 'elapsed': 19.5}
15:30:03 | WARNING | LIVE MODE: Changes will be pushed to real marketplaces!
15:30:03 | WARNING | dry_run is False. This will modify live marketplace data. Press Ctrl+C within 5 seconds to abort...
15:30:08 | INFO    | === Syncing shopee ===
15:30:08 | INFO    | [shopee] Loading marketplace products to populate cache...
15:30:10 | INFO    | [shopee] Loaded existing session from /home/lutpiero/marketplace-integrator/sessions/shopee_state.json
15:30:10 | INFO    | [shopee] UA override applied to page (HeadlessChrome hidden)
15:30:24 | INFO    | [shopee] Found 11 products
15:30:24 | INFO    | [shopee] Starting stock sync: Odoo -> marketplace
15:30:27 | INFO    | Odoo authenticated as uid=2
15:30:41 | SUCCESS | [shopee] Stock updated for 28728642322: 15
15:30:49 | SUCCESS | [shopee] Stock updated for 4957025309: 48
15:30:53 | SUCCESS | [shopee] Stock updated for 6357021439: 56
15:30:55 | INFO    | [shopee] Stock sync complete: 3 synced, 0 skipped, 0 failed (out of 3 total)
15:30:55 | INFO    | [shopee] Starting price sync: Odoo -> marketplace
15:30:57 | SUCCESS | [shopee] Price updated for 28728642322: Rp6,000
15:31:00 | ERROR   | [shopee] API error for 4957025309: code=1000100252 msg=None
15:31:00 | WARNING | [shopee] Failed to update price for 4957025309
15:31:03 | ERROR   | [shopee] API error for 6357021439: code=1000100252 msg=None
15:31:03 | WARNING | [shopee] Failed to update price for 6357021439
15:31:05 | INFO    | [shopee] Price sync complete: 1 synced, 0 skipped, 2 failed (out of 3 total)
15:31:05 | INFO    | [shopee] Starting order sync: marketplace -> Odoo
15:31:48 | INFO    | [shopee] Found 40 orders (status=new)
15:31:48 | WARNING | [shopee] No mapping for marketplace product 26702713424, skipping order line.
15:31:48 | ERROR   | [shopee] Failed to import order 238494040203411: No valid order lines to import
15:31:48 | INFO    | [shopee] Order sync complete: 0/40 imported
15:31:48 | INFO    | [shopee] Session saved to /home/lutpiero/marketplace-integrator/sessions/shopee_state.json
15:31:49 | INFO    | === Syncing tokopedia ===
15:31:49 | INFO    | [tokopedia] Loading marketplace products to populate cache...
15:31:51 | INFO    | [tokopedia] Loaded existing session from /home/lutpiero/marketplace-integrator/sessions/tokopedia_state.json
15:32:18 | ERROR   | [tokopedia] Session expired. Run 'login tokopedia' to re-authenticate.
15:32:18 | INFO    | [tokopedia] Starting stock sync: Odoo -> marketplace
15:32:37 | ERROR   | [tokopedia] Session expired. Run 'login tokopedia' to re-authenticate.
15:32:37 | ERROR   | [tokopedia] No cache for product 1729813263110669415. Run get_products() first.
15:32:37 | WARNING | [tokopedia] Failed to update stock for 1729813263110669415
15:32:59 | ERROR   | [tokopedia] Session expired. Run 'login tokopedia' to re-authenticate.
15:32:59 | ERROR   | [tokopedia] No cache for product 1729813263886550119. Run get_products() first.
15:32:59 | WARNING | [tokopedia] Failed to update stock for 1729813263886550119
15:33:20 | ERROR   | [tokopedia] Session expired. Run 'login tokopedia' to re-authenticate.
15:33:20 | ERROR   | [tokopedia] No cache for product 1729816440922801255. Run get_products() first.
15:33:20 | WARNING | [tokopedia] Failed to update stock for 1729816440922801255
15:33:23 | INFO    | [tokopedia] Stock sync complete: 0 synced, 0 skipped, 3 failed (out of 3 total)
15:33:23 | INFO    | [tokopedia] Starting price sync: Odoo -> marketplace
15:33:42 | ERROR   | [tokopedia] Session expired. Run 'login tokopedia' to re-authenticate.
15:33:42 | ERROR   | [tokopedia] No cache for product 1729813263110669415. Run get_products() first.
15:33:42 | WARNING | [tokopedia] Failed to update price for 1729813263110669415
15:34:07 | ERROR   | [tokopedia] Session expired. Run 'login tokopedia' to re-authenticate.
15:34:07 | ERROR   | [tokopedia] No cache for product 1729813263886550119. Run get_products() first.
15:34:07 | WARNING | [tokopedia] Failed to update price for 1729813263886550119
15:34:32 | ERROR   | [tokopedia] Session expired. Run 'login tokopedia' to re-authenticate.
15:34:32 | ERROR   | [tokopedia] No cache for product 1729816440922801255. Run get_products() first.
15:34:32 | WARNING | [tokopedia] Failed to update price for 1729816440922801255
15:34:35 | INFO    | [tokopedia] Price sync complete: 0 synced, 0 skipped, 3 failed (out of 3 total)
15:34:35 | INFO    | [tokopedia] Starting order sync: marketplace -> Odoo
15:34:57 | ERROR   | [tokopedia] Session expired.
15:34:57 | INFO    | [tokopedia] No new orders found.
15:34:57 | INFO    | [tokopedia] Session saved to /home/lutpiero/marketplace-integrator/sessions/tokopedia_state.json

=== Sync Results ===

shopee:
  stock: {'synced': 3, 'elapsed': 31.0}
  price: {'synced': 1, 'elapsed': 9.5}
  orders: {'synced': 0, 'elapsed': 43.4}

tokopedia:
  stock: {'synced': 0, 'elapsed': 65.4}
  price: {'synced': 0, 'elapsed': 72.2}
  orders: {'synced': 0, 'elapsed': 21.4}
16:00:04 | WARNING | LIVE MODE: Changes will be pushed to real marketplaces!
16:00:04 | WARNING | dry_run is False. This will modify live marketplace data. Press Ctrl+C within 5 seconds to abort...
16:00:09 | INFO    | === Syncing shopee ===
16:00:09 | INFO    | [shopee] Loading marketplace products to populate cache...
16:00:12 | INFO    | [shopee] Loaded existing session from /home/lutpiero/marketplace-integrator/sessions/shopee_state.json
16:00:12 | INFO    | [shopee] UA override applied to page (HeadlessChrome hidden)
16:00:28 | INFO    | [shopee] Found 11 products
16:00:28 | INFO    | [shopee] Starting stock sync: Odoo -> marketplace
16:00:31 | INFO    | Odoo authenticated as uid=2
16:00:50 | SUCCESS | [shopee] Stock updated for 28728642322: 15
16:01:06 | SUCCESS | [shopee] Stock updated for 4957025309: 48
16:01:11 | SUCCESS | [shopee] Stock updated for 6357021439: 56
16:01:13 | INFO    | [shopee] Stock sync complete: 3 synced, 0 skipped, 0 failed (out of 3 total)
16:01:13 | INFO    | [shopee] Starting price sync: Odoo -> marketplace
16:01:16 | SUCCESS | [shopee] Price updated for 28728642322: Rp6,000
16:01:21 | ERROR   | [shopee] API error for 4957025309: code=1000100252 msg=None
16:01:21 | WARNING | [shopee] Failed to update price for 4957025309
16:01:24 | ERROR   | [shopee] API error for 6357021439: code=1000100252 msg=None
16:01:24 | WARNING | [shopee] Failed to update price for 6357021439
16:01:26 | INFO    | [shopee] Price sync complete: 1 synced, 0 skipped, 2 failed (out of 3 total)
16:01:26 | INFO    | [shopee] Starting order sync: marketplace -> Odoo
16:02:19 | INFO    | [shopee] Found 40 orders (status=new)
16:02:19 | INFO    | [shopee] Order sync complete: 0/40 imported
16:02:20 | INFO    | [shopee] Session saved to /home/lutpiero/marketplace-integrator/sessions/shopee_state.json
16:02:20 | INFO    | === Syncing tokopedia ===
16:02:20 | INFO    | [tokopedia] Loading marketplace products to populate cache...
16:02:22 | INFO    | [tokopedia] Loaded existing session from /home/lutpiero/marketplace-integrator/sessions/tokopedia_state.json
16:02:48 | ERROR   | [tokopedia] Session expired. Run 'login tokopedia' to re-authenticate.
16:02:48 | INFO    | [tokopedia] Starting stock sync: Odoo -> marketplace
16:03:09 | ERROR   | [tokopedia] Session expired. Run 'login tokopedia' to re-authenticate.
16:03:09 | ERROR   | [tokopedia] No cache for product 1729813263110669415. Run get_products() first.
16:03:09 | WARNING | [tokopedia] Failed to update stock for 1729813263110669415
16:03:35 | ERROR   | [tokopedia] Session expired. Run 'login tokopedia' to re-authenticate.
16:03:35 | ERROR   | [tokopedia] No cache for product 1729813263886550119. Run get_products() first.
16:03:35 | WARNING | [tokopedia] Failed to update stock for 1729813263886550119
16:03:59 | ERROR   | [tokopedia] Session expired. Run 'login tokopedia' to re-authenticate.
16:03:59 | ERROR   | [tokopedia] No cache for product 1729816440922801255. Run get_products() first.
16:03:59 | WARNING | [tokopedia] Failed to update stock for 1729816440922801255
16:04:02 | INFO    | [tokopedia] Stock sync complete: 0 synced, 0 skipped, 3 failed (out of 3 total)
16:04:02 | INFO    | [tokopedia] Starting price sync: Odoo -> marketplace
16:04:21 | ERROR   | [tokopedia] Session expired. Run 'login tokopedia' to re-authenticate.
16:04:21 | ERROR   | [tokopedia] No cache for product 1729813263110669415. Run get_products() first.
16:04:21 | WARNING | [tokopedia] Failed to update price for 1729813263110669415
16:04:46 | ERROR   | [tokopedia] Session expired. Run 'login tokopedia' to re-authenticate.
16:04:46 | ERROR   | [tokopedia] No cache for product 1729813263886550119. Run get_products() first.
16:04:46 | WARNING | [tokopedia] Failed to update price for 1729813263886550119
16:05:09 | ERROR   | [tokopedia] Session expired. Run 'login tokopedia' to re-authenticate.
16:05:09 | ERROR   | [tokopedia] No cache for product 1729816440922801255. Run get_products() first.
16:05:09 | WARNING | [tokopedia] Failed to update price for 1729816440922801255
16:05:12 | INFO    | [tokopedia] Price sync complete: 0 synced, 0 skipped, 3 failed (out of 3 total)
16:05:12 | INFO    | [tokopedia] Starting order sync: marketplace -> Odoo
16:05:34 | ERROR   | [tokopedia] Session expired.
16:05:34 | INFO    | [tokopedia] No new orders found.
16:05:35 | INFO    | [tokopedia] Session saved to /home/lutpiero/marketplace-integrator/sessions/tokopedia_state.json

=== Sync Results ===

shopee:
  stock: {'synced': 3, 'elapsed': 44.8}
  price: {'synced': 1, 'elapsed': 13.1}
  orders: {'synced': 0, 'elapsed': 53.3}

tokopedia:
  stock: {'synced': 0, 'elapsed': 73.7}
  price: {'synced': 0, 'elapsed': 70.0}
  orders: {'synced': 0, 'elapsed': 22.1}
16:30:03 | WARNING | LIVE MODE: Changes will be pushed to real marketplaces!
16:30:03 | WARNING | dry_run is False. This will modify live marketplace data. Press Ctrl+C within 5 seconds to abort...
16:30:08 | INFO    | === Syncing shopee ===
16:30:08 | INFO    | [shopee] Loading marketplace products to populate cache...
16:30:10 | INFO    | [shopee] Loaded existing session from /home/lutpiero/marketplace-integrator/sessions/shopee_state.json
16:30:10 | INFO    | [shopee] UA override applied to page (HeadlessChrome hidden)
16:30:23 | INFO    | [shopee] Found 11 products
16:30:23 | INFO    | [shopee] Starting stock sync: Odoo -> marketplace
16:30:26 | INFO    | Odoo authenticated as uid=2
16:30:41 | SUCCESS | [shopee] Stock updated for 28728642322: 15
16:30:52 | SUCCESS | [shopee] Stock updated for 4957025309: 48
16:30:57 | SUCCESS | [shopee] Stock updated for 6357021439: 56
16:30:59 | INFO    | [shopee] Stock sync complete: 3 synced, 0 skipped, 0 failed (out of 3 total)
16:30:59 | INFO    | [shopee] Starting price sync: Odoo -> marketplace
16:31:02 | SUCCESS | [shopee] Price updated for 28728642322: Rp6,000
16:31:06 | ERROR   | [shopee] API error for 4957025309: code=1000100252 msg=None
16:31:06 | WARNING | [shopee] Failed to update price for 4957025309
16:31:09 | ERROR   | [shopee] API error for 6357021439: code=1000100252 msg=None
16:31:09 | WARNING | [shopee] Failed to update price for 6357021439
16:31:11 | INFO    | [shopee] Price sync complete: 1 synced, 0 skipped, 2 failed (out of 3 total)
16:31:11 | INFO    | [shopee] Starting order sync: marketplace -> Odoo
16:32:02 | INFO    | [shopee] Found 40 orders (status=new)
16:32:02 | INFO    | [shopee] Order sync complete: 0/40 imported
16:32:04 | INFO    | [shopee] Session saved to /home/lutpiero/marketplace-integrator/sessions/shopee_state.json
16:32:04 | INFO    | === Syncing tokopedia ===
16:32:04 | INFO    | [tokopedia] Loading marketplace products to populate cache...
16:32:08 | INFO    | [tokopedia] Loaded existing session from /home/lutpiero/marketplace-integrator/sessions/tokopedia_state.json
16:32:28 | ERROR   | Failed to sync tokopedia: Page.goto: Timeout 20000ms exceeded.
Call log:
  - navigating to "https://seller-id.tokopedia.com/product/manage", waiting until "load"

16:32:30 | INFO    | [tokopedia] Session saved to /home/lutpiero/marketplace-integrator/sessions/tokopedia_state.json

=== Sync Results ===

shopee:
  stock: {'synced': 3, 'elapsed': 36.7}
  price: {'synced': 1, 'elapsed': 11.9}
  orders: {'synced': 0, 'elapsed': 50.8}

tokopedia:
  error: Page.goto: Timeout 20000ms exceeded.
Call log:
  - navigating to "https://seller-id.tokopedia.com/product/manage", waiting until "load"

17:00:03 | WARNING | LIVE MODE: Changes will be pushed to real marketplaces!
17:00:03 | WARNING | dry_run is False. This will modify live marketplace data. Press Ctrl+C within 5 seconds to abort...
17:00:08 | INFO    | === Syncing shopee ===
17:00:08 | INFO    | [shopee] Loading marketplace products to populate cache...
17:00:10 | INFO    | [shopee] Loaded existing session from /home/lutpiero/marketplace-integrator/sessions/shopee_state.json
17:00:11 | INFO    | [shopee] UA override applied to page (HeadlessChrome hidden)
17:00:27 | INFO    | [shopee] Found 11 products
17:00:27 | INFO    | [shopee] Starting stock sync: Odoo -> marketplace
17:00:31 | INFO    | Odoo authenticated as uid=2
17:00:39 | SUCCESS | [shopee] Stock updated for 28728642322: 15
17:00:47 | SUCCESS | [shopee] Stock updated for 4957025309: 48
17:00:51 | SUCCESS | [shopee] Stock updated for 6357021439: 56
17:00:53 | INFO    | [shopee] Stock sync complete: 3 synced, 0 skipped, 0 failed (out of 3 total)
17:00:53 | INFO    | [shopee] Starting price sync: Odoo -> marketplace
17:00:54 | SUCCESS | [shopee] Price updated for 28728642322: Rp6,000
17:00:57 | ERROR   | [shopee] API error for 4957025309: code=1000100252 msg=None
17:00:57 | WARNING | [shopee] Failed to update price for 4957025309
17:01:00 | ERROR   | [shopee] API error for 6357021439: code=1000100252 msg=None
17:01:00 | WARNING | [shopee] Failed to update price for 6357021439
17:01:02 | INFO    | [shopee] Price sync complete: 1 synced, 0 skipped, 2 failed (out of 3 total)
17:01:02 | INFO    | [shopee] Starting order sync: marketplace -> Odoo
17:01:44 | INFO    | [shopee] Found 40 orders (status=new)
17:01:44 | INFO    | [shopee] Order sync complete: 0/40 imported
17:01:44 | INFO    | [shopee] Session saved to /home/lutpiero/marketplace-integrator/sessions/shopee_state.json
17:01:44 | INFO    | === Syncing tokopedia ===
17:01:44 | INFO    | [tokopedia] Loading marketplace products to populate cache...
17:01:47 | INFO    | [tokopedia] Loaded existing session from /home/lutpiero/marketplace-integrator/sessions/tokopedia_state.json
17:02:17 | ERROR   | [tokopedia] Session expired. Run 'login tokopedia' to re-authenticate.
17:02:17 | INFO    | [tokopedia] Starting stock sync: Odoo -> marketplace
17:02:38 | ERROR   | [tokopedia] Session expired. Run 'login tokopedia' to re-authenticate.
17:02:38 | ERROR   | [tokopedia] No cache for product 1729813263110669415. Run get_products() first.
17:02:38 | WARNING | [tokopedia] Failed to update stock for 1729813263110669415
17:03:02 | ERROR   | [tokopedia] Session expired. Run 'login tokopedia' to re-authenticate.
17:03:02 | ERROR   | [tokopedia] No cache for product 1729813263886550119. Run get_products() first.
17:03:02 | WARNING | [tokopedia] Failed to update stock for 1729813263886550119
17:03:24 | ERROR   | [tokopedia] Session expired. Run 'login tokopedia' to re-authenticate.
17:03:24 | ERROR   | [tokopedia] No cache for product 1729816440922801255. Run get_products() first.
17:03:24 | WARNING | [tokopedia] Failed to update stock for 1729816440922801255
17:03:27 | INFO    | [tokopedia] Stock sync complete: 0 synced, 0 skipped, 3 failed (out of 3 total)
17:03:27 | INFO    | [tokopedia] Starting price sync: Odoo -> marketplace
17:03:51 | ERROR   | [tokopedia] Session expired. Run 'login tokopedia' to re-authenticate.
17:03:51 | ERROR   | [tokopedia] No cache for product 1729813263110669415. Run get_products() first.
17:03:51 | WARNING | [tokopedia] Failed to update price for 1729813263110669415
17:04:14 | ERROR   | [tokopedia] Session expired. Run 'login tokopedia' to re-authenticate.
17:04:14 | ERROR   | [tokopedia] No cache for product 1729813263886550119. Run get_products() first.
17:04:14 | WARNING | [tokopedia] Failed to update price for 1729813263886550119
17:04:41 | ERROR   | [tokopedia] Session expired. Run 'login tokopedia' to re-authenticate.
17:04:41 | ERROR   | [tokopedia] No cache for product 1729816440922801255. Run get_products() first.
17:04:41 | WARNING | [tokopedia] Failed to update price for 1729816440922801255
17:04:44 | INFO    | [tokopedia] Price sync complete: 0 synced, 0 skipped, 3 failed (out of 3 total)
17:04:44 | INFO    | [tokopedia] Starting order sync: marketplace -> Odoo
17:05:03 | ERROR   | [tokopedia] Session expired.
17:05:03 | INFO    | [tokopedia] No new orders found.
17:05:03 | INFO    | [tokopedia] Session saved to /home/lutpiero/marketplace-integrator/sessions/tokopedia_state.json

=== Sync Results ===

shopee:
  stock: {'synced': 3, 'elapsed': 25.6}
  price: {'synced': 1, 'elapsed': 8.9}
  orders: {'synced': 0, 'elapsed': 41.9}

tokopedia:
  stock: {'synced': 0, 'elapsed': 70.3}
  price: {'synced': 0, 'elapsed': 76.1}
  orders: {'synced': 0, 'elapsed': 19.3}
17:30:04 | WARNING | LIVE MODE: Changes will be pushed to real marketplaces!
17:30:04 | WARNING | dry_run is False. This will modify live marketplace data. Press Ctrl+C within 5 seconds to abort...
17:30:09 | INFO    | === Syncing shopee ===
17:30:09 | INFO    | [shopee] Loading marketplace products to populate cache...
17:30:11 | INFO    | [shopee] Loaded existing session from /home/lutpiero/marketplace-integrator/sessions/shopee_state.json
17:30:11 | INFO    | [shopee] UA override applied to page (HeadlessChrome hidden)
17:30:26 | INFO    | [shopee] Found 11 products
17:30:26 | INFO    | [shopee] Starting stock sync: Odoo -> marketplace
17:30:29 | INFO    | Odoo authenticated as uid=2
17:30:47 | SUCCESS | [shopee] Stock updated for 28728642322: 15
17:30:54 | SUCCESS | [shopee] Stock updated for 4957025309: 48
17:31:00 | SUCCESS | [shopee] Stock updated for 6357021439: 56
17:31:02 | INFO    | [shopee] Stock sync complete: 3 synced, 0 skipped, 0 failed (out of 3 total)
17:31:02 | INFO    | [shopee] Starting price sync: Odoo -> marketplace
17:31:05 | SUCCESS | [shopee] Price updated for 28728642322: Rp6,000
17:31:07 | ERROR   | [shopee] API error for 4957025309: code=1000100252 msg=None
17:31:07 | WARNING | [shopee] Failed to update price for 4957025309
17:31:10 | ERROR   | [shopee] API error for 6357021439: code=1000100252 msg=None
17:31:10 | WARNING | [shopee] Failed to update price for 6357021439
17:31:12 | INFO    | [shopee] Price sync complete: 1 synced, 0 skipped, 2 failed (out of 3 total)
17:31:12 | INFO    | [shopee] Starting order sync: marketplace -> Odoo
17:32:00 | INFO    | [shopee] Found 40 orders (status=new)
17:32:00 | INFO    | [shopee] Order sync complete: 0/40 imported
17:32:00 | INFO    | [shopee] Session saved to /home/lutpiero/marketplace-integrator/sessions/shopee_state.json
17:32:00 | INFO    | === Syncing tokopedia ===
17:32:00 | INFO    | [tokopedia] Loading marketplace products to populate cache...
17:32:04 | INFO    | [tokopedia] Loaded existing session from /home/lutpiero/marketplace-integrator/sessions/tokopedia_state.json
17:32:32 | ERROR   | [tokopedia] Session expired. Run 'login tokopedia' to re-authenticate.
17:32:32 | INFO    | [tokopedia] Starting stock sync: Odoo -> marketplace
17:32:56 | ERROR   | [tokopedia] Session expired. Run 'login tokopedia' to re-authenticate.
17:32:56 | ERROR   | [tokopedia] No cache for product 1729813263110669415. Run get_products() first.
17:32:56 | WARNING | [tokopedia] Failed to update stock for 1729813263110669415
17:33:24 | ERROR   | [tokopedia] Session expired. Run 'login tokopedia' to re-authenticate.
17:33:24 | ERROR   | [tokopedia] No cache for product 1729813263886550119. Run get_products() first.
17:33:24 | WARNING | [tokopedia] Failed to update stock for 1729813263886550119
17:33:50 | ERROR   | [tokopedia] Session expired. Run 'login tokopedia' to re-authenticate.
17:33:50 | ERROR   | [tokopedia] No cache for product 1729816440922801255. Run get_products() first.
17:33:50 | WARNING | [tokopedia] Failed to update stock for 1729816440922801255
17:33:53 | INFO    | [tokopedia] Stock sync complete: 0 synced, 0 skipped, 3 failed (out of 3 total)
17:33:53 | INFO    | [tokopedia] Starting price sync: Odoo -> marketplace
17:34:15 | ERROR   | [tokopedia] Session expired. Run 'login tokopedia' to re-authenticate.
17:34:15 | ERROR   | [tokopedia] No cache for product 1729813263110669415. Run get_products() first.
17:34:15 | WARNING | [tokopedia] Failed to update price for 1729813263110669415
17:34:41 | ERROR   | [tokopedia] Session expired. Run 'login tokopedia' to re-authenticate.
17:34:41 | ERROR   | [tokopedia] No cache for product 1729813263886550119. Run get_products() first.
17:34:41 | WARNING | [tokopedia] Failed to update price for 1729813263886550119
17:35:03 | ERROR   | [tokopedia] Session expired. Run 'login tokopedia' to re-authenticate.
17:35:03 | ERROR   | [tokopedia] No cache for product 1729816440922801255. Run get_products() first.
17:35:03 | WARNING | [tokopedia] Failed to update price for 1729816440922801255
17:35:06 | INFO    | [tokopedia] Price sync complete: 0 synced, 0 skipped, 3 failed (out of 3 total)
17:35:06 | INFO    | [tokopedia] Starting order sync: marketplace -> Odoo
17:35:29 | ERROR   | [tokopedia] Session expired.
17:35:29 | INFO    | [tokopedia] No new orders found.
17:35:30 | INFO    | [tokopedia] Session saved to /home/lutpiero/marketplace-integrator/sessions/tokopedia_state.json

=== Sync Results ===

shopee:
  stock: {'synced': 3, 'elapsed': 35.5}
  price: {'synced': 1, 'elapsed': 10.1}
  orders: {'synced': 0, 'elapsed': 47.6}

tokopedia:
  stock: {'synced': 0, 'elapsed': 81.0}
  price: {'synced': 0, 'elapsed': 72.3}
  orders: {'synced': 0, 'elapsed': 23.6}
18:00:03 | WARNING | LIVE MODE: Changes will be pushed to real marketplaces!
18:00:03 | WARNING | dry_run is False. This will modify live marketplace data. Press Ctrl+C within 5 seconds to abort...
18:00:08 | INFO    | === Syncing shopee ===
18:00:08 | INFO    | [shopee] Loading marketplace products to populate cache...
18:00:10 | INFO    | [shopee] Loaded existing session from /home/lutpiero/marketplace-integrator/sessions/shopee_state.json
18:00:10 | INFO    | [shopee] UA override applied to page (HeadlessChrome hidden)
18:00:24 | INFO    | [shopee] Found 11 products
18:00:24 | INFO    | [shopee] Starting stock sync: Odoo -> marketplace
18:00:26 | INFO    | Odoo authenticated as uid=2
18:00:45 | SUCCESS | [shopee] Stock updated for 28728642322: 15
18:00:54 | SUCCESS | [shopee] Stock updated for 4957025309: 48
18:00:59 | SUCCESS | [shopee] Stock updated for 6357021439: 56
18:01:01 | INFO    | [shopee] Stock sync complete: 3 synced, 0 skipped, 0 failed (out of 3 total)
18:01:01 | INFO    | [shopee] Starting price sync: Odoo -> marketplace
18:01:04 | SUCCESS | [shopee] Price updated for 28728642322: Rp6,000
18:01:07 | ERROR   | [shopee] API error for 4957025309: code=1000100252 msg=None
18:01:07 | WARNING | [shopee] Failed to update price for 4957025309
18:01:10 | ERROR   | [shopee] API error for 6357021439: code=1000100252 msg=None
18:01:10 | WARNING | [shopee] Failed to update price for 6357021439
18:01:12 | INFO    | [shopee] Price sync complete: 1 synced, 0 skipped, 2 failed (out of 3 total)
18:01:12 | INFO    | [shopee] Starting order sync: marketplace -> Odoo
18:01:54 | INFO    | [shopee] Found 40 orders (status=new)
18:01:54 | INFO    | [shopee] Order sync complete: 0/40 imported
18:01:54 | INFO    | [shopee] Session saved to /home/lutpiero/marketplace-integrator/sessions/shopee_state.json
18:01:54 | INFO    | === Syncing tokopedia ===
18:01:54 | INFO    | [tokopedia] Loading marketplace products to populate cache...
18:01:57 | INFO    | [tokopedia] Loaded existing session from /home/lutpiero/marketplace-integrator/sessions/tokopedia_state.json
18:02:24 | ERROR   | [tokopedia] Session expired. Run 'login tokopedia' to re-authenticate.
18:02:24 | INFO    | [tokopedia] Starting stock sync: Odoo -> marketplace
18:02:46 | ERROR   | [tokopedia] Session expired. Run 'login tokopedia' to re-authenticate.
18:02:46 | ERROR   | [tokopedia] No cache for product 1729813263110669415. Run get_products() first.
18:02:46 | WARNING | [tokopedia] Failed to update stock for 1729813263110669415
18:03:09 | ERROR   | [tokopedia] Session expired. Run 'login tokopedia' to re-authenticate.
18:03:09 | ERROR   | [tokopedia] No cache for product 1729813263886550119. Run get_products() first.
18:03:09 | WARNING | [tokopedia] Failed to update stock for 1729813263886550119
18:03:35 | ERROR   | [tokopedia] Session expired. Run 'login tokopedia' to re-authenticate.
18:03:35 | ERROR   | [tokopedia] No cache for product 1729816440922801255. Run get_products() first.
18:03:35 | WARNING | [tokopedia] Failed to update stock for 1729816440922801255
18:03:38 | INFO    | [tokopedia] Stock sync complete: 0 synced, 0 skipped, 3 failed (out of 3 total)
18:03:38 | INFO    | [tokopedia] Starting price sync: Odoo -> marketplace
18:03:57 | ERROR   | [tokopedia] Session expired. Run 'login tokopedia' to re-authenticate.
18:03:57 | ERROR   | [tokopedia] No cache for product 1729813263110669415. Run get_products() first.
18:03:57 | WARNING | [tokopedia] Failed to update price for 1729813263110669415
18:04:24 | ERROR   | [tokopedia] Session expired. Run 'login tokopedia' to re-authenticate.
18:04:24 | ERROR   | [tokopedia] No cache for product 1729813263886550119. Run get_products() first.
18:04:24 | WARNING | [tokopedia] Failed to update price for 1729813263886550119
18:04:47 | ERROR   | [tokopedia] Session expired. Run 'login tokopedia' to re-authenticate.
18:04:47 | ERROR   | [tokopedia] No cache for product 1729816440922801255. Run get_products() first.
18:04:47 | WARNING | [tokopedia] Failed to update price for 1729816440922801255
18:04:50 | INFO    | [tokopedia] Price sync complete: 0 synced, 0 skipped, 3 failed (out of 3 total)
18:04:50 | INFO    | [tokopedia] Starting order sync: marketplace -> Odoo
18:05:12 | ERROR   | [tokopedia] Session expired.
18:05:12 | INFO    | [tokopedia] No new orders found.
18:05:13 | INFO    | [tokopedia] Session saved to /home/lutpiero/marketplace-integrator/sessions/tokopedia_state.json

=== Sync Results ===

shopee:
  stock: {'synced': 3, 'elapsed': 37.7}
  price: {'synced': 1, 'elapsed': 10.6}
  orders: {'synced': 0, 'elapsed': 42.2}

tokopedia:
  stock: {'synced': 0, 'elapsed': 74.0}
  price: {'synced': 0, 'elapsed': 71.2}
  orders: {'synced': 0, 'elapsed': 22.7}
18:30:03 | WARNING | LIVE MODE: Changes will be pushed to real marketplaces!
18:30:03 | WARNING | dry_run is False. This will modify live marketplace data. Press Ctrl+C within 5 seconds to abort...
18:30:08 | INFO    | === Syncing shopee ===
18:30:08 | INFO    | [shopee] Loading marketplace products to populate cache...
18:30:10 | INFO    | [shopee] Loaded existing session from /home/lutpiero/marketplace-integrator/sessions/shopee_state.json
18:30:10 | INFO    | [shopee] UA override applied to page (HeadlessChrome hidden)
18:30:24 | INFO    | [shopee] Found 11 products
18:30:24 | INFO    | [shopee] Starting stock sync: Odoo -> marketplace
18:30:26 | INFO    | Odoo authenticated as uid=2
18:30:41 | SUCCESS | [shopee] Stock updated for 28728642322: 15
18:30:53 | SUCCESS | [shopee] Stock updated for 4957025309: 48
18:30:58 | SUCCESS | [shopee] Stock updated for 6357021439: 56
18:31:00 | INFO    | [shopee] Stock sync complete: 3 synced, 0 skipped, 0 failed (out of 3 total)
18:31:00 | INFO    | [shopee] Starting price sync: Odoo -> marketplace
18:31:04 | SUCCESS | [shopee] Price updated for 28728642322: Rp6,000
18:31:07 | ERROR   | [shopee] API error for 4957025309: code=1000100252 msg=None
18:31:07 | WARNING | [shopee] Failed to update price for 4957025309
18:31:10 | ERROR   | [shopee] API error for 6357021439: code=1000100252 msg=None
18:31:10 | WARNING | [shopee] Failed to update price for 6357021439
18:31:12 | INFO    | [shopee] Price sync complete: 1 synced, 0 skipped, 2 failed (out of 3 total)
18:31:12 | INFO    | [shopee] Starting order sync: marketplace -> Odoo
18:31:55 | INFO    | [shopee] Found 40 orders (status=new)
18:31:55 | INFO    | [shopee] Order sync complete: 0/40 imported
18:31:55 | INFO    | [shopee] Session saved to /home/lutpiero/marketplace-integrator/sessions/shopee_state.json
18:31:56 | INFO    | === Syncing tokopedia ===
18:31:56 | INFO    | [tokopedia] Loading marketplace products to populate cache...
18:31:59 | INFO    | [tokopedia] Loaded existing session from /home/lutpiero/marketplace-integrator/sessions/tokopedia_state.json
18:32:24 | ERROR   | [tokopedia] Session expired. Run 'login tokopedia' to re-authenticate.
18:32:24 | INFO    | [tokopedia] Starting stock sync: Odoo -> marketplace
18:32:47 | ERROR   | [tokopedia] Session expired. Run 'login tokopedia' to re-authenticate.
18:32:47 | ERROR   | [tokopedia] No cache for product 1729813263110669415. Run get_products() first.
18:32:47 | WARNING | [tokopedia] Failed to update stock for 1729813263110669415
18:33:11 | ERROR   | [tokopedia] Session expired. Run 'login tokopedia' to re-authenticate.
18:33:11 | ERROR   | [tokopedia] No cache for product 1729813263886550119. Run get_products() first.
18:33:11 | WARNING | [tokopedia] Failed to update stock for 1729813263886550119
18:33:37 | ERROR   | [tokopedia] Session expired. Run 'login tokopedia' to re-authenticate.
18:33:37 | ERROR   | [tokopedia] No cache for product 1729816440922801255. Run get_products() first.
18:33:37 | WARNING | [tokopedia] Failed to update stock for 1729816440922801255
18:33:40 | INFO    | [tokopedia] Stock sync complete: 0 synced, 0 skipped, 3 failed (out of 3 total)
18:33:40 | INFO    | [tokopedia] Starting price sync: Odoo -> marketplace
18:34:02 | ERROR   | [tokopedia] Session expired. Run 'login tokopedia' to re-authenticate.
18:34:02 | ERROR   | [tokopedia] No cache for product 1729813263110669415. Run get_products() first.
18:34:02 | WARNING | [tokopedia] Failed to update price for 1729813263110669415
18:34:27 | ERROR   | [tokopedia] Session expired. Run 'login tokopedia' to re-authenticate.
18:34:27 | ERROR   | [tokopedia] No cache for product 1729813263886550119. Run get_products() first.
18:34:27 | WARNING | [tokopedia] Failed to update price for 1729813263886550119
18:34:54 | ERROR   | [tokopedia] Session expired. Run 'login tokopedia' to re-authenticate.
18:34:54 | ERROR   | [tokopedia] No cache for product 1729816440922801255. Run get_products() first.
18:34:54 | WARNING | [tokopedia] Failed to update price for 1729816440922801255
18:34:57 | INFO    | [tokopedia] Price sync complete: 0 synced, 0 skipped, 3 failed (out of 3 total)
18:34:57 | INFO    | [tokopedia] Starting order sync: marketplace -> Odoo
18:35:20 | ERROR   | [tokopedia] Session expired.
18:35:20 | INFO    | [tokopedia] No new orders found.
18:35:20 | INFO    | [tokopedia] Session saved to /home/lutpiero/marketplace-integrator/sessions/tokopedia_state.json

=== Sync Results ===

shopee:
  stock: {'synced': 3, 'elapsed': 36.6}
  price: {'synced': 1, 'elapsed': 12.0}
  orders: {'synced': 0, 'elapsed': 43.0}

tokopedia:
  stock: {'synced': 0, 'elapsed': 75.9}
  price: {'synced': 0, 'elapsed': 77.4}
  orders: {'synced': 0, 'elapsed': 23.0}
19:00:02 | WARNING | LIVE MODE: Changes will be pushed to real marketplaces!
19:00:02 | WARNING | dry_run is False. This will modify live marketplace data. Press Ctrl+C within 5 seconds to abort...
19:00:07 | INFO    | === Syncing shopee ===
19:00:07 | INFO    | [shopee] Loading marketplace products to populate cache...
19:00:10 | INFO    | [shopee] Loaded existing session from /home/lutpiero/marketplace-integrator/sessions/shopee_state.json
19:00:10 | INFO    | [shopee] UA override applied to page (HeadlessChrome hidden)
19:00:22 | INFO    | [shopee] Found 11 products
19:00:22 | INFO    | [shopee] Starting stock sync: Odoo -> marketplace
19:00:29 | INFO    | Odoo authenticated as uid=2
19:00:34 | SUCCESS | [shopee] Stock updated for 28728642322: 15
19:00:45 | SUCCESS | [shopee] Stock updated for 4957025309: 48
19:00:56 | SUCCESS | [shopee] Stock updated for 6357021439: 56
19:00:58 | INFO    | [shopee] Stock sync complete: 3 synced, 0 skipped, 0 failed (out of 3 total)
19:00:58 | INFO    | [shopee] Starting price sync: Odoo -> marketplace
19:01:01 | SUCCESS | [shopee] Price updated for 28728642322: Rp6,000
19:01:05 | ERROR   | [shopee] API error for 4957025309: code=1000100252 msg=None
19:01:05 | WARNING | [shopee] Failed to update price for 4957025309
19:01:08 | ERROR   | [shopee] API error for 6357021439: code=1000100252 msg=None
19:01:08 | WARNING | [shopee] Failed to update price for 6357021439
19:01:10 | INFO    | [shopee] Price sync complete: 1 synced, 0 skipped, 2 failed (out of 3 total)
19:01:10 | INFO    | [shopee] Starting order sync: marketplace -> Odoo
19:01:55 | INFO    | [shopee] Found 40 orders (status=new)
19:01:55 | INFO    | [shopee] Order sync complete: 0/40 imported
19:01:56 | INFO    | [shopee] Session saved to /home/lutpiero/marketplace-integrator/sessions/shopee_state.json
19:01:56 | INFO    | === Syncing tokopedia ===
19:01:56 | INFO    | [tokopedia] Loading marketplace products to populate cache...
19:01:58 | INFO    | [tokopedia] Loaded existing session from /home/lutpiero/marketplace-integrator/sessions/tokopedia_state.json
19:02:26 | ERROR   | [tokopedia] Session expired. Run 'login tokopedia' to re-authenticate.
19:02:26 | INFO    | [tokopedia] Starting stock sync: Odoo -> marketplace
19:02:49 | ERROR   | [tokopedia] Session expired. Run 'login tokopedia' to re-authenticate.
19:02:49 | ERROR   | [tokopedia] No cache for product 1729813263110669415. Run get_products() first.
19:02:49 | WARNING | [tokopedia] Failed to update stock for 1729813263110669415
19:03:14 | ERROR   | [tokopedia] Session expired. Run 'login tokopedia' to re-authenticate.
19:03:14 | ERROR   | [tokopedia] No cache for product 1729813263886550119. Run get_products() first.
19:03:14 | WARNING | [tokopedia] Failed to update stock for 1729813263886550119
19:03:38 | ERROR   | [tokopedia] Session expired. Run 'login tokopedia' to re-authenticate.
19:03:38 | ERROR   | [tokopedia] No cache for product 1729816440922801255. Run get_products() first.
19:03:38 | WARNING | [tokopedia] Failed to update stock for 1729816440922801255
19:03:41 | INFO    | [tokopedia] Stock sync complete: 0 synced, 0 skipped, 3 failed (out of 3 total)
19:03:41 | INFO    | [tokopedia] Starting price sync: Odoo -> marketplace
19:04:05 | ERROR   | [tokopedia] Session expired. Run 'login tokopedia' to re-authenticate.
19:04:05 | ERROR   | [tokopedia] No cache for product 1729813263110669415. Run get_products() first.
19:04:05 | WARNING | [tokopedia] Failed to update price for 1729813263110669415
19:04:29 | ERROR   | [tokopedia] Session expired. Run 'login tokopedia' to re-authenticate.
19:04:29 | ERROR   | [tokopedia] No cache for product 1729813263886550119. Run get_products() first.
19:04:29 | WARNING | [tokopedia] Failed to update price for 1729813263886550119
19:04:54 | ERROR   | [tokopedia] Session expired. Run 'login tokopedia' to re-authenticate.
19:04:54 | ERROR   | [tokopedia] No cache for product 1729816440922801255. Run get_products() first.
19:04:54 | WARNING | [tokopedia] Failed to update price for 1729816440922801255
19:04:57 | INFO    | [tokopedia] Price sync complete: 0 synced, 0 skipped, 3 failed (out of 3 total)
19:04:57 | INFO    | [tokopedia] Starting order sync: marketplace -> Odoo
19:05:21 | ERROR   | [tokopedia] Session expired.
19:05:21 | INFO    | [tokopedia] No new orders found.
19:05:22 | INFO    | [tokopedia] Session saved to /home/lutpiero/marketplace-integrator/sessions/tokopedia_state.json

=== Sync Results ===

shopee:
  stock: {'synced': 3, 'elapsed': 35.8}
  price: {'synced': 1, 'elapsed': 11.7}
  orders: {'synced': 0, 'elapsed': 45.5}

tokopedia:
  stock: {'synced': 0, 'elapsed': 75.4}
  price: {'synced': 0, 'elapsed': 75.6}
  orders: {'synced': 0, 'elapsed': 23.9}
19:30:04 | WARNING | LIVE MODE: Changes will be pushed to real marketplaces!
19:30:04 | WARNING | dry_run is False. This will modify live marketplace data. Press Ctrl+C within 5 seconds to abort...
19:30:09 | INFO    | === Syncing shopee ===
19:30:09 | INFO    | [shopee] Loading marketplace products to populate cache...
19:30:12 | INFO    | [shopee] Loaded existing session from /home/lutpiero/marketplace-integrator/sessions/shopee_state.json
19:30:12 | INFO    | [shopee] UA override applied to page (HeadlessChrome hidden)
19:30:27 | INFO    | [shopee] Found 11 products
19:30:27 | INFO    | [shopee] Starting stock sync: Odoo -> marketplace
19:30:30 | INFO    | Odoo authenticated as uid=2
19:30:45 | SUCCESS | [shopee] Stock updated for 28728642322: 15
19:30:54 | SUCCESS | [shopee] Stock updated for 4957025309: 48
19:30:59 | SUCCESS | [shopee] Stock updated for 6357021439: 56
19:31:01 | INFO    | [shopee] Stock sync complete: 3 synced, 0 skipped, 0 failed (out of 3 total)
19:31:01 | INFO    | [shopee] Starting price sync: Odoo -> marketplace
19:31:02 | SUCCESS | [shopee] Price updated for 28728642322: Rp6,000
19:31:06 | ERROR   | [shopee] API error for 4957025309: code=1000100252 msg=None
19:31:06 | WARNING | [shopee] Failed to update price for 4957025309
19:31:09 | ERROR   | [shopee] API error for 6357021439: code=1000100252 msg=None
19:31:09 | WARNING | [shopee] Failed to update price for 6357021439
19:31:11 | INFO    | [shopee] Price sync complete: 1 synced, 0 skipped, 2 failed (out of 3 total)
19:31:11 | INFO    | [shopee] Starting order sync: marketplace -> Odoo
19:31:55 | INFO    | [shopee] Found 40 orders (status=new)
19:31:55 | INFO    | [shopee] Order sync complete: 0/40 imported
19:31:55 | INFO    | [shopee] Session saved to /home/lutpiero/marketplace-integrator/sessions/shopee_state.json
19:31:56 | INFO    | === Syncing tokopedia ===
19:31:56 | INFO    | [tokopedia] Loading marketplace products to populate cache...
19:31:58 | INFO    | [tokopedia] Loaded existing session from /home/lutpiero/marketplace-integrator/sessions/tokopedia_state.json
19:32:24 | ERROR   | [tokopedia] Session expired. Run 'login tokopedia' to re-authenticate.
19:32:24 | INFO    | [tokopedia] Starting stock sync: Odoo -> marketplace
19:32:43 | ERROR   | [tokopedia] Session expired. Run 'login tokopedia' to re-authenticate.
19:32:43 | ERROR   | [tokopedia] No cache for product 1729813263110669415. Run get_products() first.
19:32:43 | WARNING | [tokopedia] Failed to update stock for 1729813263110669415
19:33:05 | ERROR   | [tokopedia] Session expired. Run 'login tokopedia' to re-authenticate.
19:33:05 | ERROR   | [tokopedia] No cache for product 1729813263886550119. Run get_products() first.
19:33:05 | WARNING | [tokopedia] Failed to update stock for 1729813263886550119
19:33:30 | ERROR   | [tokopedia] Session expired. Run 'login tokopedia' to re-authenticate.
19:33:30 | ERROR   | [tokopedia] No cache for product 1729816440922801255. Run get_products() first.
19:33:30 | WARNING | [tokopedia] Failed to update stock for 1729816440922801255
19:33:33 | INFO    | [tokopedia] Stock sync complete: 0 synced, 0 skipped, 3 failed (out of 3 total)
19:33:33 | INFO    | [tokopedia] Starting price sync: Odoo -> marketplace
19:33:55 | ERROR   | [tokopedia] Session expired. Run 'login tokopedia' to re-authenticate.
19:33:55 | ERROR   | [tokopedia] No cache for product 1729813263110669415. Run get_products() first.
19:33:55 | WARNING | [tokopedia] Failed to update price for 1729813263110669415
19:34:18 | ERROR   | [tokopedia] Session expired. Run 'login tokopedia' to re-authenticate.
19:34:18 | ERROR   | [tokopedia] No cache for product 1729813263886550119. Run get_products() first.
19:34:18 | WARNING | [tokopedia] Failed to update price for 1729813263886550119
19:34:45 | ERROR   | [tokopedia] Session expired. Run 'login tokopedia' to re-authenticate.
19:34:45 | ERROR   | [tokopedia] No cache for product 1729816440922801255. Run get_products() first.
19:34:45 | WARNING | [tokopedia] Failed to update price for 1729816440922801255
19:34:48 | INFO    | [tokopedia] Price sync complete: 0 synced, 0 skipped, 3 failed (out of 3 total)
19:34:48 | INFO    | [tokopedia] Starting order sync: marketplace -> Odoo
19:35:06 | ERROR   | [tokopedia] Session expired.
19:35:06 | INFO    | [tokopedia] No new orders found.
19:35:07 | INFO    | [tokopedia] Session saved to /home/lutpiero/marketplace-integrator/sessions/tokopedia_state.json

=== Sync Results ===

shopee:
  stock: {'synced': 3, 'elapsed': 33.5}
  price: {'synced': 1, 'elapsed': 10.1}
  orders: {'synced': 0, 'elapsed': 44.3}

tokopedia:
  stock: {'synced': 0, 'elapsed': 69.0}
  price: {'synced': 0, 'elapsed': 74.4}
  orders: {'synced': 0, 'elapsed': 18.7}
20:00:02 | WARNING | LIVE MODE: Changes will be pushed to real marketplaces!
20:00:02 | WARNING | dry_run is False. This will modify live marketplace data. Press Ctrl+C within 5 seconds to abort...
20:00:07 | INFO    | === Syncing shopee ===
20:00:07 | INFO    | [shopee] Loading marketplace products to populate cache...
20:00:09 | INFO    | [shopee] Loaded existing session from /home/lutpiero/marketplace-integrator/sessions/shopee_state.json
20:00:10 | INFO    | [shopee] UA override applied to page (HeadlessChrome hidden)
20:00:23 | INFO    | [shopee] Found 11 products
20:00:23 | INFO    | [shopee] Starting stock sync: Odoo -> marketplace
20:00:26 | INFO    | Odoo authenticated as uid=2
20:00:43 | SUCCESS | [shopee] Stock updated for 28728642322: 15
20:00:49 | SUCCESS | [shopee] Stock updated for 4957025309: 48
20:00:54 | SUCCESS | [shopee] Stock updated for 6357021439: 56
20:00:57 | INFO    | [shopee] Stock sync complete: 3 synced, 0 skipped, 0 failed (out of 3 total)
20:00:57 | INFO    | [shopee] Starting price sync: Odoo -> marketplace
20:00:58 | SUCCESS | [shopee] Price updated for 28728642322: Rp6,000
20:01:01 | ERROR   | [shopee] API error for 4957025309: code=1000100252 msg=None
20:01:01 | WARNING | [shopee] Failed to update price for 4957025309
20:01:04 | ERROR   | [shopee] API error for 6357021439: code=1000100252 msg=None
20:01:04 | WARNING | [shopee] Failed to update price for 6357021439
20:01:06 | INFO    | [shopee] Price sync complete: 1 synced, 0 skipped, 2 failed (out of 3 total)
20:01:06 | INFO    | [shopee] Starting order sync: marketplace -> Odoo
20:01:50 | INFO    | [shopee] Found 40 orders (status=new)
20:01:50 | INFO    | [shopee] Order sync complete: 0/40 imported
20:01:51 | INFO    | [shopee] Session saved to /home/lutpiero/marketplace-integrator/sessions/shopee_state.json
20:01:51 | INFO    | === Syncing tokopedia ===
20:01:51 | INFO    | [tokopedia] Loading marketplace products to populate cache...
20:01:54 | INFO    | [tokopedia] Loaded existing session from /home/lutpiero/marketplace-integrator/sessions/tokopedia_state.json
20:02:18 | ERROR   | [tokopedia] Session expired. Run 'login tokopedia' to re-authenticate.
20:02:18 | INFO    | [tokopedia] Starting stock sync: Odoo -> marketplace
20:02:41 | ERROR   | [tokopedia] Session expired. Run 'login tokopedia' to re-authenticate.
20:02:41 | ERROR   | [tokopedia] No cache for product 1729813263110669415. Run get_products() first.
20:02:41 | WARNING | [tokopedia] Failed to update stock for 1729813263110669415
20:03:07 | ERROR   | [tokopedia] Session expired. Run 'login tokopedia' to re-authenticate.
20:03:07 | ERROR   | [tokopedia] No cache for product 1729813263886550119. Run get_products() first.
20:03:07 | WARNING | [tokopedia] Failed to update stock for 1729813263886550119
20:03:28 | ERROR   | [tokopedia] Session expired. Run 'login tokopedia' to re-authenticate.
20:03:28 | ERROR   | [tokopedia] No cache for product 1729816440922801255. Run get_products() first.
20:03:28 | WARNING | [tokopedia] Failed to update stock for 1729816440922801255
20:03:31 | INFO    | [tokopedia] Stock sync complete: 0 synced, 0 skipped, 3 failed (out of 3 total)
20:03:31 | INFO    | [tokopedia] Starting price sync: Odoo -> marketplace
20:03:54 | ERROR   | [tokopedia] Session expired. Run 'login tokopedia' to re-authenticate.
20:03:54 | ERROR   | [tokopedia] No cache for product 1729813263110669415. Run get_products() first.
20:03:54 | WARNING | [tokopedia] Failed to update price for 1729813263110669415
20:04:20 | ERROR   | [tokopedia] Session expired. Run 'login tokopedia' to re-authenticate.
20:04:20 | ERROR   | [tokopedia] No cache for product 1729813263886550119. Run get_products() first.
20:04:20 | WARNING | [tokopedia] Failed to update price for 1729813263886550119
20:04:47 | ERROR   | [tokopedia] Session expired. Run 'login tokopedia' to re-authenticate.
20:04:47 | ERROR   | [tokopedia] No cache for product 1729816440922801255. Run get_products() first.
20:04:47 | WARNING | [tokopedia] Failed to update price for 1729816440922801255
20:04:50 | INFO    | [tokopedia] Price sync complete: 0 synced, 0 skipped, 3 failed (out of 3 total)
20:04:50 | INFO    | [tokopedia] Starting order sync: marketplace -> Odoo
20:05:13 | ERROR   | [tokopedia] Session expired.
20:05:13 | INFO    | [tokopedia] No new orders found.
20:05:14 | INFO    | [tokopedia] Session saved to /home/lutpiero/marketplace-integrator/sessions/tokopedia_state.json

=== Sync Results ===

shopee:
  stock: {'synced': 3, 'elapsed': 33.7}
  price: {'synced': 1, 'elapsed': 9.6}
  orders: {'synced': 0, 'elapsed': 44.3}

tokopedia:
  stock: {'synced': 0, 'elapsed': 73.1}
  price: {'synced': 0, 'elapsed': 79.2}
  orders: {'synced': 0, 'elapsed': 22.9}
20:30:03 | WARNING | LIVE MODE: Changes will be pushed to real marketplaces!
20:30:03 | WARNING | dry_run is False. This will modify live marketplace data. Press Ctrl+C within 5 seconds to abort...
20:30:08 | INFO    | === Syncing shopee ===
20:30:08 | INFO    | [shopee] Loading marketplace products to populate cache...
20:30:10 | INFO    | [shopee] Loaded existing session from /home/lutpiero/marketplace-integrator/sessions/shopee_state.json
20:30:11 | INFO    | [shopee] UA override applied to page (HeadlessChrome hidden)
20:30:26 | INFO    | [shopee] Found 11 products
20:30:26 | INFO    | [shopee] Starting stock sync: Odoo -> marketplace
20:30:29 | INFO    | Odoo authenticated as uid=2
20:30:46 | SUCCESS | [shopee] Stock updated for 28728642322: 15
20:30:52 | SUCCESS | [shopee] Stock updated for 4957025309: 48
20:30:58 | SUCCESS | [shopee] Stock updated for 6357021439: 56
20:31:00 | INFO    | [shopee] Stock sync complete: 3 synced, 0 skipped, 0 failed (out of 3 total)
20:31:00 | INFO    | [shopee] Starting price sync: Odoo -> marketplace
20:31:02 | SUCCESS | [shopee] Price updated for 28728642322: Rp6,000
20:31:05 | ERROR   | [shopee] API error for 4957025309: code=1000100252 msg=None
20:31:05 | WARNING | [shopee] Failed to update price for 4957025309
20:31:08 | ERROR   | [shopee] API error for 6357021439: code=1000100252 msg=None
20:31:08 | WARNING | [shopee] Failed to update price for 6357021439
20:31:10 | INFO    | [shopee] Price sync complete: 1 synced, 0 skipped, 2 failed (out of 3 total)
20:31:10 | INFO    | [shopee] Starting order sync: marketplace -> Odoo
20:31:57 | INFO    | [shopee] Found 40 orders (status=new)
20:31:57 | INFO    | [shopee] Order sync complete: 0/40 imported
20:31:57 | INFO    | [shopee] Session saved to /home/lutpiero/marketplace-integrator/sessions/shopee_state.json
20:31:57 | INFO    | === Syncing tokopedia ===
20:31:57 | INFO    | [tokopedia] Loading marketplace products to populate cache...
20:32:00 | INFO    | [tokopedia] Loaded existing session from /home/lutpiero/marketplace-integrator/sessions/tokopedia_state.json
20:32:31 | ERROR   | [tokopedia] Session expired. Run 'login tokopedia' to re-authenticate.
20:32:31 | INFO    | [tokopedia] Starting stock sync: Odoo -> marketplace
20:32:54 | ERROR   | [tokopedia] Session expired. Run 'login tokopedia' to re-authenticate.
20:32:54 | ERROR   | [tokopedia] No cache for product 1729813263110669415. Run get_products() first.
20:32:54 | WARNING | [tokopedia] Failed to update stock for 1729813263110669415
20:33:21 | ERROR   | [tokopedia] Session expired. Run 'login tokopedia' to re-authenticate.
20:33:21 | ERROR   | [tokopedia] No cache for product 1729813263886550119. Run get_products() first.
20:33:21 | WARNING | [tokopedia] Failed to update stock for 1729813263886550119
20:33:48 | ERROR   | [tokopedia] Session expired. Run 'login tokopedia' to re-authenticate.
20:33:48 | ERROR   | [tokopedia] No cache for product 1729816440922801255. Run get_products() first.
20:33:48 | WARNING | [tokopedia] Failed to update stock for 1729816440922801255
20:33:51 | INFO    | [tokopedia] Stock sync complete: 0 synced, 0 skipped, 3 failed (out of 3 total)
20:33:51 | INFO    | [tokopedia] Starting price sync: Odoo -> marketplace
20:34:10 | ERROR   | [tokopedia] Session expired. Run 'login tokopedia' to re-authenticate.
20:34:10 | ERROR   | [tokopedia] No cache for product 1729813263110669415. Run get_products() first.
20:34:10 | WARNING | [tokopedia] Failed to update price for 1729813263110669415
20:34:34 | ERROR   | [tokopedia] Session expired. Run 'login tokopedia' to re-authenticate.
20:34:34 | ERROR   | [tokopedia] No cache for product 1729813263886550119. Run get_products() first.
20:34:34 | WARNING | [tokopedia] Failed to update price for 1729813263886550119
20:34:59 | ERROR   | [tokopedia] Session expired. Run 'login tokopedia' to re-authenticate.
20:34:59 | ERROR   | [tokopedia] No cache for product 1729816440922801255. Run get_products() first.
20:34:59 | WARNING | [tokopedia] Failed to update price for 1729816440922801255
20:35:02 | INFO    | [tokopedia] Price sync complete: 0 synced, 0 skipped, 3 failed (out of 3 total)
20:35:02 | INFO    | [tokopedia] Starting order sync: marketplace -> Odoo
20:35:26 | ERROR   | [tokopedia] Session expired.
20:35:26 | INFO    | [tokopedia] No new orders found.
20:35:26 | INFO    | [tokopedia] Session saved to /home/lutpiero/marketplace-integrator/sessions/tokopedia_state.json

=== Sync Results ===

shopee:
  stock: {'synced': 3, 'elapsed': 34.0}
  price: {'synced': 1, 'elapsed': 10.2}
  orders: {'synced': 0, 'elapsed': 46.2}

tokopedia:
  stock: {'synced': 0, 'elapsed': 80.3}
  price: {'synced': 0, 'elapsed': 71.5}
  orders: {'synced': 0, 'elapsed': 23.4}
21:00:03 | WARNING | LIVE MODE: Changes will be pushed to real marketplaces!
21:00:03 | WARNING | dry_run is False. This will modify live marketplace data. Press Ctrl+C within 5 seconds to abort...
21:00:08 | INFO    | === Syncing shopee ===
21:00:08 | INFO    | [shopee] Loading marketplace products to populate cache...
21:00:10 | INFO    | [shopee] Loaded existing session from /home/lutpiero/marketplace-integrator/sessions/shopee_state.json
21:00:10 | INFO    | [shopee] UA override applied to page (HeadlessChrome hidden)
21:00:24 | INFO    | [shopee] Found 11 products
21:00:24 | INFO    | [shopee] Starting stock sync: Odoo -> marketplace
21:00:26 | INFO    | Odoo authenticated as uid=2
21:00:45 | SUCCESS | [shopee] Stock updated for 28728642322: 15
21:00:53 | SUCCESS | [shopee] Stock updated for 4957025309: 48
21:00:58 | SUCCESS | [shopee] Stock updated for 6357021439: 56
21:01:00 | INFO    | [shopee] Stock sync complete: 3 synced, 0 skipped, 0 failed (out of 3 total)
21:01:00 | INFO    | [shopee] Starting price sync: Odoo -> marketplace
21:01:02 | SUCCESS | [shopee] Price updated for 28728642322: Rp6,000
21:01:06 | ERROR   | [shopee] API error for 4957025309: code=1000100252 msg=None
21:01:06 | WARNING | [shopee] Failed to update price for 4957025309
21:01:09 | ERROR   | [shopee] API error for 6357021439: code=1000100252 msg=None
21:01:09 | WARNING | [shopee] Failed to update price for 6357021439
21:01:11 | INFO    | [shopee] Price sync complete: 1 synced, 0 skipped, 2 failed (out of 3 total)
21:01:11 | INFO    | [shopee] Starting order sync: marketplace -> Odoo
21:01:55 | INFO    | [shopee] Found 40 orders (status=new)
21:01:55 | INFO    | [shopee] Order sync complete: 0/40 imported
21:01:56 | INFO    | [shopee] Session saved to /home/lutpiero/marketplace-integrator/sessions/shopee_state.json
21:01:56 | INFO    | === Syncing tokopedia ===
21:01:56 | INFO    | [tokopedia] Loading marketplace products to populate cache...
21:01:58 | INFO    | [tokopedia] Loaded existing session from /home/lutpiero/marketplace-integrator/sessions/tokopedia_state.json
21:02:26 | ERROR   | [tokopedia] Session expired. Run 'login tokopedia' to re-authenticate.
21:02:26 | INFO    | [tokopedia] Starting stock sync: Odoo -> marketplace
21:02:50 | ERROR   | [tokopedia] Session expired. Run 'login tokopedia' to re-authenticate.
21:02:50 | ERROR   | [tokopedia] No cache for product 1729813263110669415. Run get_products() first.
21:02:50 | WARNING | [tokopedia] Failed to update stock for 1729813263110669415
21:03:17 | ERROR   | [tokopedia] Session expired. Run 'login tokopedia' to re-authenticate.
21:03:17 | ERROR   | [tokopedia] No cache for product 1729813263886550119. Run get_products() first.
21:03:17 | WARNING | [tokopedia] Failed to update stock for 1729813263886550119
21:03:41 | ERROR   | [tokopedia] Session expired. Run 'login tokopedia' to re-authenticate.
21:03:41 | ERROR   | [tokopedia] No cache for product 1729816440922801255. Run get_products() first.
21:03:41 | WARNING | [tokopedia] Failed to update stock for 1729816440922801255
21:03:44 | INFO    | [tokopedia] Stock sync complete: 0 synced, 0 skipped, 3 failed (out of 3 total)
21:03:44 | INFO    | [tokopedia] Starting price sync: Odoo -> marketplace
21:04:05 | ERROR   | [tokopedia] Session expired. Run 'login tokopedia' to re-authenticate.
21:04:05 | ERROR   | [tokopedia] No cache for product 1729813263110669415. Run get_products() first.
21:04:05 | WARNING | [tokopedia] Failed to update price for 1729813263110669415
21:04:31 | ERROR   | [tokopedia] Session expired. Run 'login tokopedia' to re-authenticate.
21:04:31 | ERROR   | [tokopedia] No cache for product 1729813263886550119. Run get_products() first.
21:04:31 | WARNING | [tokopedia] Failed to update price for 1729813263886550119
21:04:53 | ERROR   | [tokopedia] Session expired. Run 'login tokopedia' to re-authenticate.
21:04:53 | ERROR   | [tokopedia] No cache for product 1729816440922801255. Run get_products() first.
21:04:53 | WARNING | [tokopedia] Failed to update price for 1729816440922801255
21:04:56 | INFO    | [tokopedia] Price sync complete: 0 synced, 0 skipped, 3 failed (out of 3 total)
21:04:56 | INFO    | [tokopedia] Starting order sync: marketplace -> Odoo
21:05:15 | ERROR   | [tokopedia] Session expired.
21:05:15 | INFO    | [tokopedia] No new orders found.
21:05:15 | INFO    | [tokopedia] Session saved to /home/lutpiero/marketplace-integrator/sessions/tokopedia_state.json

=== Sync Results ===

shopee:
  stock: {'synced': 3, 'elapsed': 36.0}
  price: {'synced': 1, 'elapsed': 11.0}
  orders: {'synced': 0, 'elapsed': 44.7}

tokopedia:
  stock: {'synced': 0, 'elapsed': 77.4}
  price: {'synced': 0, 'elapsed': 72.4}
  orders: {'synced': 0, 'elapsed': 18.8}
21:30:02 | WARNING | LIVE MODE: Changes will be pushed to real marketplaces!
21:30:02 | WARNING | dry_run is False. This will modify live marketplace data. Press Ctrl+C within 5 seconds to abort...
21:30:07 | INFO    | === Syncing shopee ===
21:30:07 | INFO    | [shopee] Loading marketplace products to populate cache...
21:30:09 | INFO    | [shopee] Loaded existing session from /home/lutpiero/marketplace-integrator/sessions/shopee_state.json
21:30:09 | INFO    | [shopee] UA override applied to page (HeadlessChrome hidden)
21:30:30 | INFO    | [shopee] Found 11 products
21:30:30 | INFO    | [shopee] Starting stock sync: Odoo -> marketplace
21:30:37 | INFO    | Odoo authenticated as uid=2
21:30:38 | SUCCESS | [shopee] Stock updated for 28728642322: 15
21:30:43 | SUCCESS | [shopee] Stock updated for 4957025309: 48
21:30:46 | SUCCESS | [shopee] Stock updated for 6357021439: 56
21:30:48 | INFO    | [shopee] Stock sync complete: 3 synced, 0 skipped, 0 failed (out of 3 total)
21:30:48 | INFO    | [shopee] Starting price sync: Odoo -> marketplace
21:30:49 | SUCCESS | [shopee] Price updated for 28728642322: Rp6,000
21:30:52 | ERROR   | [shopee] API error for 4957025309: code=1000100252 msg=None
21:30:52 | WARNING | [shopee] Failed to update price for 4957025309
21:31:01 | ERROR   | [shopee] API error for 6357021439: code=1000100252 msg=None
21:31:01 | WARNING | [shopee] Failed to update price for 6357021439
21:31:03 | INFO    | [shopee] Price sync complete: 1 synced, 0 skipped, 2 failed (out of 3 total)
21:31:03 | INFO    | [shopee] Starting order sync: marketplace -> Odoo
21:31:33 | INFO    | [shopee] Found 40 orders (status=new)
21:31:33 | INFO    | [shopee] Order sync complete: 0/40 imported
21:31:34 | INFO    | [shopee] Session saved to /home/lutpiero/marketplace-integrator/sessions/shopee_state.json
21:31:34 | INFO    | === Syncing tokopedia ===
21:31:34 | INFO    | [tokopedia] Loading marketplace products to populate cache...
21:31:36 | INFO    | [tokopedia] Loaded existing session from /home/lutpiero/marketplace-integrator/sessions/tokopedia_state.json
21:31:57 | ERROR   | Failed to sync tokopedia: Page.goto: Timeout 20000ms exceeded.
Call log:
  - navigating to "https://seller-id.tokopedia.com/product/manage", waiting until "load"

21:31:58 | INFO    | [tokopedia] Session saved to /home/lutpiero/marketplace-integrator/sessions/tokopedia_state.json

=== Sync Results ===

shopee:
  stock: {'synced': 3, 'elapsed': 17.9}
  price: {'synced': 1, 'elapsed': 15.0}
  orders: {'synced': 0, 'elapsed': 30.5}

tokopedia:
  error: Page.goto: Timeout 20000ms exceeded.
Call log:
  - navigating to "https://seller-id.tokopedia.com/product/manage", waiting until "load"

22:00:03 | WARNING | LIVE MODE: Changes will be pushed to real marketplaces!
22:00:03 | WARNING | dry_run is False. This will modify live marketplace data. Press Ctrl+C within 5 seconds to abort...
22:00:08 | INFO    | === Syncing shopee ===
22:00:08 | INFO    | [shopee] Loading marketplace products to populate cache...
22:00:11 | INFO    | [shopee] Loaded existing session from /home/lutpiero/marketplace-integrator/sessions/shopee_state.json
22:00:11 | INFO    | [shopee] UA override applied to page (HeadlessChrome hidden)
22:00:29 | INFO    | [shopee] Found 11 products
22:00:29 | INFO    | [shopee] Starting stock sync: Odoo -> marketplace
22:00:32 | INFO    | Odoo authenticated as uid=2
22:00:44 | SUCCESS | [shopee] Stock updated for 28728642322: 15
22:00:48 | SUCCESS | [shopee] Stock updated for 4957025309: 48
22:00:51 | SUCCESS | [shopee] Stock updated for 6357021439: 56
22:00:53 | INFO    | [shopee] Stock sync complete: 3 synced, 0 skipped, 0 failed (out of 3 total)
22:00:53 | INFO    | [shopee] Starting price sync: Odoo -> marketplace
22:00:54 | SUCCESS | [shopee] Price updated for 28728642322: Rp6,000
22:00:57 | ERROR   | [shopee] API error for 4957025309: code=1000100252 msg=None
22:00:57 | WARNING | [shopee] Failed to update price for 4957025309
22:01:00 | ERROR   | [shopee] API error for 6357021439: code=1000100252 msg=None
22:01:00 | WARNING | [shopee] Failed to update price for 6357021439
22:01:02 | INFO    | [shopee] Price sync complete: 1 synced, 0 skipped, 2 failed (out of 3 total)
22:01:02 | INFO    | [shopee] Starting order sync: marketplace -> Odoo
22:01:38 | INFO    | [shopee] Found 40 orders (status=new)
22:01:38 | INFO    | [shopee] Order sync complete: 0/40 imported
22:01:38 | INFO    | [shopee] Session saved to /home/lutpiero/marketplace-integrator/sessions/shopee_state.json
22:01:38 | INFO    | === Syncing tokopedia ===
22:01:38 | INFO    | [tokopedia] Loading marketplace products to populate cache...
22:01:40 | INFO    | [tokopedia] Loaded existing session from /home/lutpiero/marketplace-integrator/sessions/tokopedia_state.json
22:02:04 | ERROR   | [tokopedia] Session expired. Run 'login tokopedia' to re-authenticate.
22:02:04 | INFO    | [tokopedia] Starting stock sync: Odoo -> marketplace
22:02:23 | ERROR   | [tokopedia] Session expired. Run 'login tokopedia' to re-authenticate.
22:02:23 | ERROR   | [tokopedia] No cache for product 1729813263110669415. Run get_products() first.
22:02:23 | WARNING | [tokopedia] Failed to update stock for 1729813263110669415
22:02:46 | ERROR   | [tokopedia] Session expired. Run 'login tokopedia' to re-authenticate.
22:02:46 | ERROR   | [tokopedia] No cache for product 1729813263886550119. Run get_products() first.
22:02:46 | WARNING | [tokopedia] Failed to update stock for 1729813263886550119
22:03:08 | ERROR   | [tokopedia] Session expired. Run 'login tokopedia' to re-authenticate.
22:03:08 | ERROR   | [tokopedia] No cache for product 1729816440922801255. Run get_products() first.
22:03:08 | WARNING | [tokopedia] Failed to update stock for 1729816440922801255
22:03:11 | INFO    | [tokopedia] Stock sync complete: 0 synced, 0 skipped, 3 failed (out of 3 total)
22:03:11 | INFO    | [tokopedia] Starting price sync: Odoo -> marketplace
22:03:31 | ERROR   | [tokopedia] Session expired. Run 'login tokopedia' to re-authenticate.
22:03:31 | ERROR   | [tokopedia] No cache for product 1729813263110669415. Run get_products() first.
22:03:31 | WARNING | [tokopedia] Failed to update price for 1729813263110669415
22:03:54 | ERROR   | [tokopedia] Session expired. Run 'login tokopedia' to re-authenticate.
22:03:54 | ERROR   | [tokopedia] No cache for product 1729813263886550119. Run get_products() first.
22:03:54 | WARNING | [tokopedia] Failed to update price for 1729813263886550119
22:04:15 | ERROR   | [tokopedia] Session expired. Run 'login tokopedia' to re-authenticate.
22:04:15 | ERROR   | [tokopedia] No cache for product 1729816440922801255. Run get_products() first.
22:04:15 | WARNING | [tokopedia] Failed to update price for 1729816440922801255
22:04:18 | INFO    | [tokopedia] Price sync complete: 0 synced, 0 skipped, 3 failed (out of 3 total)
22:04:18 | INFO    | [tokopedia] Starting order sync: marketplace -> Odoo
22:04:39 | ERROR   | [tokopedia] Session expired.
22:04:39 | INFO    | [tokopedia] No new orders found.
22:04:39 | INFO    | [tokopedia] Session saved to /home/lutpiero/marketplace-integrator/sessions/tokopedia_state.json

=== Sync Results ===

shopee:
  stock: {'synced': 3, 'elapsed': 23.6}
  price: {'synced': 1, 'elapsed': 8.7}
  orders: {'synced': 0, 'elapsed': 36.1}

tokopedia:
  stock: {'synced': 0, 'elapsed': 66.6}
  price: {'synced': 0, 'elapsed': 67.8}
  orders: {'synced': 0, 'elapsed': 20.6}
22:30:03 | WARNING | LIVE MODE: Changes will be pushed to real marketplaces!
22:30:03 | WARNING | dry_run is False. This will modify live marketplace data. Press Ctrl+C within 5 seconds to abort...
22:30:08 | INFO    | === Syncing shopee ===
22:30:08 | INFO    | [shopee] Loading marketplace products to populate cache...
22:30:10 | INFO    | [shopee] Loaded existing session from /home/lutpiero/marketplace-integrator/sessions/shopee_state.json
22:30:10 | INFO    | [shopee] UA override applied to page (HeadlessChrome hidden)
22:30:23 | INFO    | [shopee] Found 11 products
22:30:23 | INFO    | [shopee] Starting stock sync: Odoo -> marketplace
22:30:26 | INFO    | Odoo authenticated as uid=2
22:30:39 | SUCCESS | [shopee] Stock updated for 28728642322: 15
22:30:46 | SUCCESS | [shopee] Stock updated for 4957025309: 48
22:30:50 | SUCCESS | [shopee] Stock updated for 6357021439: 56
22:30:52 | INFO    | [shopee] Stock sync complete: 3 synced, 0 skipped, 0 failed (out of 3 total)
22:30:52 | INFO    | [shopee] Starting price sync: Odoo -> marketplace
22:30:53 | SUCCESS | [shopee] Price updated for 28728642322: Rp6,000
22:30:56 | ERROR   | [shopee] API error for 4957025309: code=1000100252 msg=None
22:30:56 | WARNING | [shopee] Failed to update price for 4957025309
22:30:59 | ERROR   | [shopee] API error for 6357021439: code=1000100252 msg=None
22:30:59 | WARNING | [shopee] Failed to update price for 6357021439
22:31:01 | INFO    | [shopee] Price sync complete: 1 synced, 0 skipped, 2 failed (out of 3 total)
22:31:01 | INFO    | [shopee] Starting order sync: marketplace -> Odoo
22:31:36 | INFO    | [shopee] Found 40 orders (status=new)
22:31:36 | INFO    | [shopee] Order sync complete: 0/40 imported
22:31:36 | INFO    | [shopee] Session saved to /home/lutpiero/marketplace-integrator/sessions/shopee_state.json
22:31:36 | INFO    | === Syncing tokopedia ===
22:31:36 | INFO    | [tokopedia] Loading marketplace products to populate cache...
22:31:39 | INFO    | [tokopedia] Loaded existing session from /home/lutpiero/marketplace-integrator/sessions/tokopedia_state.json
22:32:05 | ERROR   | [tokopedia] Session expired. Run 'login tokopedia' to re-authenticate.
22:32:05 | INFO    | [tokopedia] Starting stock sync: Odoo -> marketplace
22:32:23 | ERROR   | [tokopedia] Session expired. Run 'login tokopedia' to re-authenticate.
22:32:23 | ERROR   | [tokopedia] No cache for product 1729813263110669415. Run get_products() first.
22:32:23 | WARNING | [tokopedia] Failed to update stock for 1729813263110669415
22:32:44 | ERROR   | [tokopedia] Session expired. Run 'login tokopedia' to re-authenticate.
22:32:44 | ERROR   | [tokopedia] No cache for product 1729813263886550119. Run get_products() first.
22:32:44 | WARNING | [tokopedia] Failed to update stock for 1729813263886550119
22:33:08 | ERROR   | [tokopedia] Session expired. Run 'login tokopedia' to re-authenticate.
22:33:08 | ERROR   | [tokopedia] No cache for product 1729816440922801255. Run get_products() first.
22:33:08 | WARNING | [tokopedia] Failed to update stock for 1729816440922801255
22:33:11 | INFO    | [tokopedia] Stock sync complete: 0 synced, 0 skipped, 3 failed (out of 3 total)
22:33:11 | INFO    | [tokopedia] Starting price sync: Odoo -> marketplace
22:33:29 | ERROR   | [tokopedia] Session expired. Run 'login tokopedia' to re-authenticate.
22:33:29 | ERROR   | [tokopedia] No cache for product 1729813263110669415. Run get_products() first.
22:33:29 | WARNING | [tokopedia] Failed to update price for 1729813263110669415
22:33:53 | ERROR   | [tokopedia] Session expired. Run 'login tokopedia' to re-authenticate.
22:33:53 | ERROR   | [tokopedia] No cache for product 1729813263886550119. Run get_products() first.
22:33:53 | WARNING | [tokopedia] Failed to update price for 1729813263886550119
22:34:14 | ERROR   | [tokopedia] Session expired. Run 'login tokopedia' to re-authenticate.
22:34:14 | ERROR   | [tokopedia] No cache for product 1729816440922801255. Run get_products() first.
22:34:14 | WARNING | [tokopedia] Failed to update price for 1729816440922801255
22:34:17 | INFO    | [tokopedia] Price sync complete: 0 synced, 0 skipped, 3 failed (out of 3 total)
22:34:17 | INFO    | [tokopedia] Starting order sync: marketplace -> Odoo
22:34:38 | ERROR   | [tokopedia] Session expired.
22:34:38 | INFO    | [tokopedia] No new orders found.
22:34:38 | INFO    | [tokopedia] Session saved to /home/lutpiero/marketplace-integrator/sessions/tokopedia_state.json

=== Sync Results ===

shopee:
  stock: {'synced': 3, 'elapsed': 28.6}
  price: {'synced': 1, 'elapsed': 8.7}
  orders: {'synced': 0, 'elapsed': 35.4}

tokopedia:
  stock: {'synced': 0, 'elapsed': 66.2}
  price: {'synced': 0, 'elapsed': 66.5}
  orders: {'synced': 0, 'elapsed': 20.6}
23:00:03 | WARNING | LIVE MODE: Changes will be pushed to real marketplaces!
23:00:03 | WARNING | dry_run is False. This will modify live marketplace data. Press Ctrl+C within 5 seconds to abort...
23:00:08 | INFO    | === Syncing shopee ===
23:00:08 | INFO    | [shopee] Loading marketplace products to populate cache...
23:00:10 | INFO    | [shopee] Loaded existing session from /home/lutpiero/marketplace-integrator/sessions/shopee_state.json
23:00:10 | INFO    | [shopee] UA override applied to page (HeadlessChrome hidden)
23:00:29 | INFO    | [shopee] Found 11 products
23:00:29 | INFO    | [shopee] Starting stock sync: Odoo -> marketplace
23:00:31 | INFO    | Odoo authenticated as uid=2
23:00:43 | SUCCESS | [shopee] Stock updated for 28728642322: 15
23:00:47 | SUCCESS | [shopee] Stock updated for 4957025309: 48
23:00:51 | SUCCESS | [shopee] Stock updated for 6357021439: 56
23:00:53 | INFO    | [shopee] Stock sync complete: 3 synced, 0 skipped, 0 failed (out of 3 total)
23:00:53 | INFO    | [shopee] Starting price sync: Odoo -> marketplace
23:00:54 | SUCCESS | [shopee] Price updated for 28728642322: Rp6,000
23:00:56 | ERROR   | [shopee] API error for 4957025309: code=1000100252 msg=None
23:00:56 | WARNING | [shopee] Failed to update price for 4957025309
23:00:59 | ERROR   | [shopee] API error for 6357021439: code=1000100252 msg=None
23:00:59 | WARNING | [shopee] Failed to update price for 6357021439
23:01:01 | INFO    | [shopee] Price sync complete: 1 synced, 0 skipped, 2 failed (out of 3 total)
23:01:01 | INFO    | [shopee] Starting order sync: marketplace -> Odoo
23:01:38 | INFO    | [shopee] Found 40 orders (status=new)
23:01:38 | INFO    | [shopee] Order sync complete: 0/40 imported
23:01:38 | INFO    | [shopee] Session saved to /home/lutpiero/marketplace-integrator/sessions/shopee_state.json
23:01:38 | INFO    | === Syncing tokopedia ===
23:01:38 | INFO    | [tokopedia] Loading marketplace products to populate cache...
23:01:40 | INFO    | [tokopedia] Loaded existing session from /home/lutpiero/marketplace-integrator/sessions/tokopedia_state.json
23:02:04 | ERROR   | [tokopedia] Session expired. Run 'login tokopedia' to re-authenticate.
23:02:04 | INFO    | [tokopedia] Starting stock sync: Odoo -> marketplace
23:02:24 | ERROR   | [tokopedia] Session expired. Run 'login tokopedia' to re-authenticate.
23:02:24 | ERROR   | [tokopedia] No cache for product 1729813263110669415. Run get_products() first.
23:02:24 | WARNING | [tokopedia] Failed to update stock for 1729813263110669415
23:02:45 | ERROR   | [tokopedia] Session expired. Run 'login tokopedia' to re-authenticate.
23:02:45 | ERROR   | [tokopedia] No cache for product 1729813263886550119. Run get_products() first.
23:02:45 | WARNING | [tokopedia] Failed to update stock for 1729813263886550119
23:03:09 | ERROR   | [tokopedia] Session expired. Run 'login tokopedia' to re-authenticate.
23:03:09 | ERROR   | [tokopedia] No cache for product 1729816440922801255. Run get_products() first.
23:03:09 | WARNING | [tokopedia] Failed to update stock for 1729816440922801255
23:03:12 | INFO    | [tokopedia] Stock sync complete: 0 synced, 0 skipped, 3 failed (out of 3 total)
23:03:12 | INFO    | [tokopedia] Starting price sync: Odoo -> marketplace
23:03:30 | ERROR   | [tokopedia] Session expired. Run 'login tokopedia' to re-authenticate.
23:03:30 | ERROR   | [tokopedia] No cache for product 1729813263110669415. Run get_products() first.
23:03:30 | WARNING | [tokopedia] Failed to update price for 1729813263110669415
23:03:54 | ERROR   | [tokopedia] Session expired. Run 'login tokopedia' to re-authenticate.
23:03:54 | ERROR   | [tokopedia] No cache for product 1729813263886550119. Run get_products() first.
23:03:54 | WARNING | [tokopedia] Failed to update price for 1729813263886550119
23:04:15 | ERROR   | [tokopedia] Session expired. Run 'login tokopedia' to re-authenticate.
23:04:15 | ERROR   | [tokopedia] No cache for product 1729816440922801255. Run get_products() first.
23:04:15 | WARNING | [tokopedia] Failed to update price for 1729816440922801255
23:04:18 | INFO    | [tokopedia] Price sync complete: 0 synced, 0 skipped, 3 failed (out of 3 total)
23:04:18 | INFO    | [tokopedia] Starting order sync: marketplace -> Odoo
23:04:37 | ERROR   | [tokopedia] Session expired.
23:04:37 | INFO    | [tokopedia] No new orders found.
23:04:37 | INFO    | [tokopedia] Session saved to /home/lutpiero/marketplace-integrator/sessions/tokopedia_state.json

=== Sync Results ===

shopee:
  stock: {'synced': 3, 'elapsed': 24.0}
  price: {'synced': 1, 'elapsed': 8.5}
  orders: {'synced': 0, 'elapsed': 36.5}

tokopedia:
  stock: {'synced': 0, 'elapsed': 68.0}
  price: {'synced': 0, 'elapsed': 66.7}
  orders: {'synced': 0, 'elapsed': 18.6}
23:30:03 | WARNING | LIVE MODE: Changes will be pushed to real marketplaces!
23:30:03 | WARNING | dry_run is False. This will modify live marketplace data. Press Ctrl+C within 5 seconds to abort...
23:30:08 | INFO    | === Syncing shopee ===
23:30:08 | INFO    | [shopee] Loading marketplace products to populate cache...
23:30:10 | INFO    | [shopee] Loaded existing session from /home/lutpiero/marketplace-integrator/sessions/shopee_state.json
23:30:11 | INFO    | [shopee] UA override applied to page (HeadlessChrome hidden)
23:30:31 | INFO    | [shopee] Found 11 products
23:30:31 | INFO    | [shopee] Starting stock sync: Odoo -> marketplace
23:30:33 | INFO    | Odoo authenticated as uid=2
23:30:46 | SUCCESS | [shopee] Stock updated for 28728642322: 15
23:30:50 | SUCCESS | [shopee] Stock updated for 4957025309: 48
23:30:55 | SUCCESS | [shopee] Stock updated for 6357021439: 56
23:30:57 | INFO    | [shopee] Stock sync complete: 3 synced, 0 skipped, 0 failed (out of 3 total)
23:30:57 | INFO    | [shopee] Starting price sync: Odoo -> marketplace
23:30:58 | SUCCESS | [shopee] Price updated for 28728642322: Rp6,000
23:31:00 | ERROR   | [shopee] API error for 4957025309: code=1000100252 msg=None
23:31:00 | WARNING | [shopee] Failed to update price for 4957025309
23:31:03 | ERROR   | [shopee] API error for 6357021439: code=1000100252 msg=None
23:31:03 | WARNING | [shopee] Failed to update price for 6357021439
23:31:05 | INFO    | [shopee] Price sync complete: 1 synced, 0 skipped, 2 failed (out of 3 total)
23:31:05 | INFO    | [shopee] Starting order sync: marketplace -> Odoo
23:31:41 | INFO    | [shopee] Found 40 orders (status=new)
23:31:41 | INFO    | [shopee] Order sync complete: 0/40 imported
23:31:41 | INFO    | [shopee] Session saved to /home/lutpiero/marketplace-integrator/sessions/shopee_state.json
23:31:41 | INFO    | === Syncing tokopedia ===
23:31:41 | INFO    | [tokopedia] Loading marketplace products to populate cache...
23:31:44 | INFO    | [tokopedia] Loaded existing session from /home/lutpiero/marketplace-integrator/sessions/tokopedia_state.json
23:32:07 | ERROR   | [tokopedia] Session expired. Run 'login tokopedia' to re-authenticate.
23:32:07 | INFO    | [tokopedia] Starting stock sync: Odoo -> marketplace
23:32:27 | ERROR   | [tokopedia] Session expired. Run 'login tokopedia' to re-authenticate.
23:32:27 | ERROR   | [tokopedia] No cache for product 1729813263110669415. Run get_products() first.
23:32:27 | WARNING | [tokopedia] Failed to update stock for 1729813263110669415
23:32:49 | ERROR   | [tokopedia] Session expired. Run 'login tokopedia' to re-authenticate.
23:32:49 | ERROR   | [tokopedia] No cache for product 1729813263886550119. Run get_products() first.
23:32:49 | WARNING | [tokopedia] Failed to update stock for 1729813263886550119
23:33:10 | ERROR   | [tokopedia] Session expired. Run 'login tokopedia' to re-authenticate.
23:33:10 | ERROR   | [tokopedia] No cache for product 1729816440922801255. Run get_products() first.
23:33:10 | WARNING | [tokopedia] Failed to update stock for 1729816440922801255
23:33:13 | INFO    | [tokopedia] Stock sync complete: 0 synced, 0 skipped, 3 failed (out of 3 total)
23:33:13 | INFO    | [tokopedia] Starting price sync: Odoo -> marketplace
23:33:31 | ERROR   | [tokopedia] Session expired. Run 'login tokopedia' to re-authenticate.
23:33:31 | ERROR   | [tokopedia] No cache for product 1729813263110669415. Run get_products() first.
23:33:31 | WARNING | [tokopedia] Failed to update price for 1729813263110669415
23:33:52 | ERROR   | [tokopedia] Session expired. Run 'login tokopedia' to re-authenticate.
23:33:52 | ERROR   | [tokopedia] No cache for product 1729813263886550119. Run get_products() first.
23:33:52 | WARNING | [tokopedia] Failed to update price for 1729813263886550119
23:34:16 | ERROR   | [tokopedia] Session expired. Run 'login tokopedia' to re-authenticate.
23:34:16 | ERROR   | [tokopedia] No cache for product 1729816440922801255. Run get_products() first.
23:34:16 | WARNING | [tokopedia] Failed to update price for 1729816440922801255
23:34:19 | INFO    | [tokopedia] Price sync complete: 0 synced, 0 skipped, 3 failed (out of 3 total)
23:34:19 | INFO    | [tokopedia] Starting order sync: marketplace -> Odoo
23:34:37 | ERROR   | [tokopedia] Session expired.
23:34:37 | INFO    | [tokopedia] No new orders found.
23:34:37 | INFO    | [tokopedia] Session saved to /home/lutpiero/marketplace-integrator/sessions/tokopedia_state.json

=== Sync Results ===

shopee:
  stock: {'synced': 3, 'elapsed': 26.1}
  price: {'synced': 1, 'elapsed': 8.2}
  orders: {'synced': 0, 'elapsed': 35.8}

tokopedia:
  stock: {'synced': 0, 'elapsed': 65.8}
  price: {'synced': 0, 'elapsed': 66.4}
  orders: {'synced': 0, 'elapsed': 17.6}
00:00:03 | WARNING | LIVE MODE: Changes will be pushed to real marketplaces!
00:00:03 | WARNING | dry_run is False. This will modify live marketplace data. Press Ctrl+C within 5 seconds to abort...
00:00:08 | INFO    | === Syncing shopee ===
00:00:08 | INFO    | [shopee] Loading marketplace products to populate cache...
00:00:11 | INFO    | [shopee] Loaded existing session from /home/lutpiero/marketplace-integrator/sessions/shopee_state.json
00:00:11 | INFO    | [shopee] UA override applied to page (HeadlessChrome hidden)
00:00:26 | INFO    | [shopee] Found 11 products
00:00:26 | INFO    | [shopee] Starting stock sync: Odoo -> marketplace
00:00:28 | INFO    | Odoo authenticated as uid=2
00:00:51 | SUCCESS | [shopee] Stock updated for 28728642322: 15
00:01:02 | SUCCESS | [shopee] Stock updated for 4957025309: 48
00:01:06 | SUCCESS | [shopee] Stock updated for 6357021439: 56
00:01:08 | INFO    | [shopee] Stock sync complete: 3 synced, 0 skipped, 0 failed (out of 3 total)
00:01:08 | INFO    | [shopee] Starting price sync: Odoo -> marketplace
00:01:10 | SUCCESS | [shopee] Price updated for 28728642322: Rp6,000
00:01:13 | ERROR   | [shopee] API error for 4957025309: code=1000100252 msg=None
00:01:13 | WARNING | [shopee] Failed to update price for 4957025309
00:01:16 | ERROR   | [shopee] API error for 6357021439: code=1000100252 msg=None
00:01:16 | WARNING | [shopee] Failed to update price for 6357021439
00:01:18 | INFO    | [shopee] Price sync complete: 1 synced, 0 skipped, 2 failed (out of 3 total)
00:01:18 | INFO    | [shopee] Starting order sync: marketplace -> Odoo
00:02:06 | INFO    | [shopee] Found 40 orders (status=new)
00:02:06 | INFO    | [shopee] Order sync complete: 0/40 imported
00:02:06 | INFO    | [shopee] Session saved to /home/lutpiero/marketplace-integrator/sessions/shopee_state.json
00:02:06 | INFO    | === Syncing tokopedia ===
00:02:06 | INFO    | [tokopedia] Loading marketplace products to populate cache...
00:02:10 | INFO    | [tokopedia] Loaded existing session from /home/lutpiero/marketplace-integrator/sessions/tokopedia_state.json
00:02:41 | ERROR   | [tokopedia] Session expired. Run 'login tokopedia' to re-authenticate.
00:02:41 | INFO    | [tokopedia] Starting stock sync: Odoo -> marketplace
00:03:02 | ERROR   | [tokopedia] Session expired. Run 'login tokopedia' to re-authenticate.
00:03:02 | ERROR   | [tokopedia] No cache for product 1729813263110669415. Run get_products() first.
00:03:02 | WARNING | [tokopedia] Failed to update stock for 1729813263110669415
00:03:27 | ERROR   | [tokopedia] Session expired. Run 'login tokopedia' to re-authenticate.
00:03:27 | ERROR   | [tokopedia] No cache for product 1729813263886550119. Run get_products() first.
00:03:27 | WARNING | [tokopedia] Failed to update stock for 1729813263886550119
00:03:52 | ERROR   | [tokopedia] Session expired. Run 'login tokopedia' to re-authenticate.
00:03:52 | ERROR   | [tokopedia] No cache for product 1729816440922801255. Run get_products() first.
00:03:52 | WARNING | [tokopedia] Failed to update stock for 1729816440922801255
00:03:55 | INFO    | [tokopedia] Stock sync complete: 0 synced, 0 skipped, 3 failed (out of 3 total)
00:03:55 | INFO    | [tokopedia] Starting price sync: Odoo -> marketplace
00:04:18 | ERROR   | [tokopedia] Session expired. Run 'login tokopedia' to re-authenticate.
00:04:18 | ERROR   | [tokopedia] No cache for product 1729813263110669415. Run get_products() first.
00:04:18 | WARNING | [tokopedia] Failed to update price for 1729813263110669415
00:04:44 | ERROR   | [tokopedia] Session expired. Run 'login tokopedia' to re-authenticate.
00:04:44 | ERROR   | [tokopedia] No cache for product 1729813263886550119. Run get_products() first.
00:04:44 | WARNING | [tokopedia] Failed to update price for 1729813263886550119
00:05:09 | ERROR   | [tokopedia] Session expired. Run 'login tokopedia' to re-authenticate.
00:05:09 | ERROR   | [tokopedia] No cache for product 1729816440922801255. Run get_products() first.
00:05:09 | WARNING | [tokopedia] Failed to update price for 1729816440922801255
00:05:12 | INFO    | [tokopedia] Price sync complete: 0 synced, 0 skipped, 3 failed (out of 3 total)
00:05:12 | INFO    | [tokopedia] Starting order sync: marketplace -> Odoo
00:05:35 | ERROR   | [tokopedia] Session expired.
00:05:35 | INFO    | [tokopedia] No new orders found.
00:05:35 | INFO    | [tokopedia] Session saved to /home/lutpiero/marketplace-integrator/sessions/tokopedia_state.json

=== Sync Results ===

shopee:
  stock: {'synced': 3, 'elapsed': 42.3}
  price: {'synced': 1, 'elapsed': 9.8}
  orders: {'synced': 0, 'elapsed': 47.5}

tokopedia:
  stock: {'synced': 0, 'elapsed': 74.3}
  price: {'synced': 0, 'elapsed': 76.7}
  orders: {'synced': 0, 'elapsed': 22.6}
00:30:03 | WARNING | LIVE MODE: Changes will be pushed to real marketplaces!
00:30:03 | WARNING | dry_run is False. This will modify live marketplace data. Press Ctrl+C within 5 seconds to abort...
00:30:08 | INFO    | === Syncing shopee ===
00:30:08 | INFO    | [shopee] Loading marketplace products to populate cache...
00:30:10 | INFO    | [shopee] Loaded existing session from /home/lutpiero/marketplace-integrator/sessions/shopee_state.json
00:30:10 | INFO    | [shopee] UA override applied to page (HeadlessChrome hidden)
00:30:23 | INFO    | [shopee] Found 11 products
00:30:23 | INFO    | [shopee] Starting stock sync: Odoo -> marketplace
00:30:25 | INFO    | Odoo authenticated as uid=2
00:30:43 | SUCCESS | [shopee] Stock updated for 28728642322: 15
00:30:50 | SUCCESS | [shopee] Stock updated for 4957025309: 48
00:30:54 | SUCCESS | [shopee] Stock updated for 6357021439: 56
00:30:56 | INFO    | [shopee] Stock sync complete: 3 synced, 0 skipped, 0 failed (out of 3 total)
00:30:56 | INFO    | [shopee] Starting price sync: Odoo -> marketplace
00:30:57 | SUCCESS | [shopee] Price updated for 28728642322: Rp6,000
00:30:59 | ERROR   | [shopee] API error for 4957025309: code=1000100252 msg=None
00:30:59 | WARNING | [shopee] Failed to update price for 4957025309
00:31:02 | ERROR   | [shopee] API error for 6357021439: code=1000100252 msg=None
00:31:02 | WARNING | [shopee] Failed to update price for 6357021439
00:31:04 | INFO    | [shopee] Price sync complete: 1 synced, 0 skipped, 2 failed (out of 3 total)
00:31:04 | INFO    | [shopee] Starting order sync: marketplace -> Odoo
00:31:39 | INFO    | [shopee] Found 40 orders (status=new)
00:31:39 | INFO    | [shopee] Order sync complete: 0/40 imported
00:31:39 | INFO    | [shopee] Session saved to /home/lutpiero/marketplace-integrator/sessions/shopee_state.json
00:31:39 | INFO    | === Syncing tokopedia ===
00:31:39 | INFO    | [tokopedia] Loading marketplace products to populate cache...
00:31:41 | INFO    | [tokopedia] Loaded existing session from /home/lutpiero/marketplace-integrator/sessions/tokopedia_state.json
00:32:06 | ERROR   | [tokopedia] Session expired. Run 'login tokopedia' to re-authenticate.
00:32:06 | INFO    | [tokopedia] Starting stock sync: Odoo -> marketplace
00:32:26 | ERROR   | [tokopedia] Session expired. Run 'login tokopedia' to re-authenticate.
00:32:26 | ERROR   | [tokopedia] No cache for product 1729813263110669415. Run get_products() first.
00:32:26 | WARNING | [tokopedia] Failed to update stock for 1729813263110669415
00:32:51 | ERROR   | [tokopedia] Session expired. Run 'login tokopedia' to re-authenticate.
00:32:51 | ERROR   | [tokopedia] No cache for product 1729813263886550119. Run get_products() first.
00:32:51 | WARNING | [tokopedia] Failed to update stock for 1729813263886550119
00:33:14 | ERROR   | [tokopedia] Session expired. Run 'login tokopedia' to re-authenticate.
00:33:14 | ERROR   | [tokopedia] No cache for product 1729816440922801255. Run get_products() first.
00:33:14 | WARNING | [tokopedia] Failed to update stock for 1729816440922801255
00:33:17 | INFO    | [tokopedia] Stock sync complete: 0 synced, 0 skipped, 3 failed (out of 3 total)
00:33:17 | INFO    | [tokopedia] Starting price sync: Odoo -> marketplace
00:33:36 | ERROR   | [tokopedia] Session expired. Run 'login tokopedia' to re-authenticate.
00:33:36 | ERROR   | [tokopedia] No cache for product 1729813263110669415. Run get_products() first.
00:33:36 | WARNING | [tokopedia] Failed to update price for 1729813263110669415
00:33:59 | ERROR   | [tokopedia] Session expired. Run 'login tokopedia' to re-authenticate.
00:33:59 | ERROR   | [tokopedia] No cache for product 1729813263886550119. Run get_products() first.
00:33:59 | WARNING | [tokopedia] Failed to update price for 1729813263886550119
00:34:23 | ERROR   | [tokopedia] Session expired. Run 'login tokopedia' to re-authenticate.
00:34:23 | ERROR   | [tokopedia] No cache for product 1729816440922801255. Run get_products() first.
00:34:23 | WARNING | [tokopedia] Failed to update price for 1729816440922801255
00:34:26 | INFO    | [tokopedia] Price sync complete: 0 synced, 0 skipped, 3 failed (out of 3 total)
00:34:26 | INFO    | [tokopedia] Starting order sync: marketplace -> Odoo
00:34:44 | ERROR   | [tokopedia] Session expired.
00:34:44 | INFO    | [tokopedia] No new orders found.
00:34:45 | INFO    | [tokopedia] Session saved to /home/lutpiero/marketplace-integrator/sessions/tokopedia_state.json

=== Sync Results ===

shopee:
  stock: {'synced': 3, 'elapsed': 33.0}
  price: {'synced': 1, 'elapsed': 8.3}
  orders: {'synced': 0, 'elapsed': 34.7}

tokopedia:
  stock: {'synced': 0, 'elapsed': 71.8}
  price: {'synced': 0, 'elapsed': 69.1}
  orders: {'synced': 0, 'elapsed': 17.8}
01:00:02 | WARNING | LIVE MODE: Changes will be pushed to real marketplaces!
01:00:02 | WARNING | dry_run is False. This will modify live marketplace data. Press Ctrl+C within 5 seconds to abort...
01:00:07 | INFO    | === Syncing shopee ===
01:00:07 | INFO    | [shopee] Loading marketplace products to populate cache...
01:00:09 | INFO    | [shopee] Loaded existing session from /home/lutpiero/marketplace-integrator/sessions/shopee_state.json
01:00:09 | INFO    | [shopee] UA override applied to page (HeadlessChrome hidden)
01:00:27 | INFO    | [shopee] Found 11 products
01:00:27 | INFO    | [shopee] Starting stock sync: Odoo -> marketplace
01:00:30 | INFO    | Odoo authenticated as uid=2
01:00:42 | SUCCESS | [shopee] Stock updated for 28728642322: 15
01:00:46 | SUCCESS | [shopee] Stock updated for 4957025309: 48
01:00:49 | SUCCESS | [shopee] Stock updated for 6357021439: 56
01:00:51 | INFO    | [shopee] Stock sync complete: 3 synced, 0 skipped, 0 failed (out of 3 total)
01:00:51 | INFO    | [shopee] Starting price sync: Odoo -> marketplace
01:00:53 | SUCCESS | [shopee] Price updated for 28728642322: Rp6,000
01:00:55 | ERROR   | [shopee] API error for 4957025309: code=1000100252 msg=None
01:00:55 | WARNING | [shopee] Failed to update price for 4957025309
01:00:58 | ERROR   | [shopee] API error for 6357021439: code=1000100252 msg=None
01:00:58 | WARNING | [shopee] Failed to update price for 6357021439
01:01:00 | INFO    | [shopee] Price sync complete: 1 synced, 0 skipped, 2 failed (out of 3 total)
01:01:00 | INFO    | [shopee] Starting order sync: marketplace -> Odoo
01:01:36 | INFO    | [shopee] Found 40 orders (status=new)
01:01:36 | INFO    | [shopee] Order sync complete: 0/40 imported
01:01:37 | INFO    | [shopee] Session saved to /home/lutpiero/marketplace-integrator/sessions/shopee_state.json
01:01:37 | INFO    | === Syncing tokopedia ===
01:01:37 | INFO    | [tokopedia] Loading marketplace products to populate cache...
01:01:39 | INFO    | [tokopedia] Loaded existing session from /home/lutpiero/marketplace-integrator/sessions/tokopedia_state.json
01:02:03 | ERROR   | [tokopedia] Session expired. Run 'login tokopedia' to re-authenticate.
01:02:03 | INFO    | [tokopedia] Starting stock sync: Odoo -> marketplace
01:02:23 | ERROR   | [tokopedia] Session expired. Run 'login tokopedia' to re-authenticate.
01:02:23 | ERROR   | [tokopedia] No cache for product 1729813263110669415. Run get_products() first.
01:02:23 | WARNING | [tokopedia] Failed to update stock for 1729813263110669415
01:02:45 | ERROR   | [tokopedia] Session expired. Run 'login tokopedia' to re-authenticate.
01:02:45 | ERROR   | [tokopedia] No cache for product 1729813263886550119. Run get_products() first.
01:02:45 | WARNING | [tokopedia] Failed to update stock for 1729813263886550119
01:03:05 | ERROR   | [tokopedia] Session expired. Run 'login tokopedia' to re-authenticate.
01:03:05 | ERROR   | [tokopedia] No cache for product 1729816440922801255. Run get_products() first.
01:03:05 | WARNING | [tokopedia] Failed to update stock for 1729816440922801255
01:03:08 | INFO    | [tokopedia] Stock sync complete: 0 synced, 0 skipped, 3 failed (out of 3 total)
01:03:08 | INFO    | [tokopedia] Starting price sync: Odoo -> marketplace
01:03:27 | ERROR   | [tokopedia] Session expired. Run 'login tokopedia' to re-authenticate.
01:03:27 | ERROR   | [tokopedia] No cache for product 1729813263110669415. Run get_products() first.
01:03:27 | WARNING | [tokopedia] Failed to update price for 1729813263110669415
01:03:51 | ERROR   | [tokopedia] Session expired. Run 'login tokopedia' to re-authenticate.
01:03:51 | ERROR   | [tokopedia] No cache for product 1729813263886550119. Run get_products() first.
01:03:51 | WARNING | [tokopedia] Failed to update price for 1729813263886550119
01:04:12 | ERROR   | [tokopedia] Session expired. Run 'login tokopedia' to re-authenticate.
01:04:12 | ERROR   | [tokopedia] No cache for product 1729816440922801255. Run get_products() first.
01:04:12 | WARNING | [tokopedia] Failed to update price for 1729816440922801255
01:04:15 | INFO    | [tokopedia] Price sync complete: 0 synced, 0 skipped, 3 failed (out of 3 total)
01:04:15 | INFO    | [tokopedia] Starting order sync: marketplace -> Odoo
01:04:34 | ERROR   | [tokopedia] Session expired.
01:04:34 | INFO    | [tokopedia] No new orders found.
01:04:34 | INFO    | [tokopedia] Session saved to /home/lutpiero/marketplace-integrator/sessions/tokopedia_state.json

=== Sync Results ===

shopee:
  stock: {'synced': 3, 'elapsed': 24.1}
  price: {'synced': 1, 'elapsed': 8.8}
  orders: {'synced': 0, 'elapsed': 36.2}

tokopedia:
  stock: {'synced': 0, 'elapsed': 65.3}
  price: {'synced': 0, 'elapsed': 67.4}
  orders: {'synced': 0, 'elapsed': 18.5}
01:30:02 | WARNING | LIVE MODE: Changes will be pushed to real marketplaces!
01:30:02 | WARNING | dry_run is False. This will modify live marketplace data. Press Ctrl+C within 5 seconds to abort...
01:30:07 | INFO    | === Syncing shopee ===
01:30:07 | INFO    | [shopee] Loading marketplace products to populate cache...
01:30:09 | INFO    | [shopee] Loaded existing session from /home/lutpiero/marketplace-integrator/sessions/shopee_state.json
01:30:09 | INFO    | [shopee] UA override applied to page (HeadlessChrome hidden)
01:30:27 | INFO    | [shopee] Found 11 products
01:30:27 | INFO    | [shopee] Starting stock sync: Odoo -> marketplace
01:30:29 | INFO    | Odoo authenticated as uid=2
01:30:40 | SUCCESS | [shopee] Stock updated for 28728642322: 15
01:30:46 | SUCCESS | [shopee] Stock updated for 4957025309: 48
01:30:50 | SUCCESS | [shopee] Stock updated for 6357021439: 56
01:30:52 | INFO    | [shopee] Stock sync complete: 3 synced, 0 skipped, 0 failed (out of 3 total)
01:30:52 | INFO    | [shopee] Starting price sync: Odoo -> marketplace
01:30:53 | SUCCESS | [shopee] Price updated for 28728642322: Rp6,000
01:30:56 | ERROR   | [shopee] API error for 4957025309: code=1000100252 msg=None
01:30:56 | WARNING | [shopee] Failed to update price for 4957025309
01:30:59 | ERROR   | [shopee] API error for 6357021439: code=1000100252 msg=None
01:30:59 | WARNING | [shopee] Failed to update price for 6357021439
01:31:01 | INFO    | [shopee] Price sync complete: 1 synced, 0 skipped, 2 failed (out of 3 total)
01:31:01 | INFO    | [shopee] Starting order sync: marketplace -> Odoo
01:31:35 | INFO    | [shopee] Found 40 orders (status=new)
01:31:35 | INFO    | [shopee] Order sync complete: 0/40 imported
01:31:35 | INFO    | [shopee] Session saved to /home/lutpiero/marketplace-integrator/sessions/shopee_state.json
01:31:35 | INFO    | === Syncing tokopedia ===
01:31:35 | INFO    | [tokopedia] Loading marketplace products to populate cache...
01:31:37 | INFO    | [tokopedia] Loaded existing session from /home/lutpiero/marketplace-integrator/sessions/tokopedia_state.json
01:32:00 | ERROR   | [tokopedia] Session expired. Run 'login tokopedia' to re-authenticate.
01:32:00 | INFO    | [tokopedia] Starting stock sync: Odoo -> marketplace
01:32:18 | ERROR   | [tokopedia] Session expired. Run 'login tokopedia' to re-authenticate.
01:32:18 | ERROR   | [tokopedia] No cache for product 1729813263110669415. Run get_products() first.
01:32:18 | WARNING | [tokopedia] Failed to update stock for 1729813263110669415
01:32:39 | ERROR   | [tokopedia] Session expired. Run 'login tokopedia' to re-authenticate.
01:32:39 | ERROR   | [tokopedia] No cache for product 1729813263886550119. Run get_products() first.
01:32:39 | WARNING | [tokopedia] Failed to update stock for 1729813263886550119
01:33:00 | ERROR   | [tokopedia] Session expired. Run 'login tokopedia' to re-authenticate.
01:33:00 | ERROR   | [tokopedia] No cache for product 1729816440922801255. Run get_products() first.
01:33:00 | WARNING | [tokopedia] Failed to update stock for 1729816440922801255
01:33:03 | INFO    | [tokopedia] Stock sync complete: 0 synced, 0 skipped, 3 failed (out of 3 total)
01:33:03 | INFO    | [tokopedia] Starting price sync: Odoo -> marketplace
01:33:21 | ERROR   | [tokopedia] Session expired. Run 'login tokopedia' to re-authenticate.
01:33:21 | ERROR   | [tokopedia] No cache for product 1729813263110669415. Run get_products() first.
01:33:21 | WARNING | [tokopedia] Failed to update price for 1729813263110669415
01:33:43 | ERROR   | [tokopedia] Session expired. Run 'login tokopedia' to re-authenticate.
01:33:43 | ERROR   | [tokopedia] No cache for product 1729813263886550119. Run get_products() first.
01:33:43 | WARNING | [tokopedia] Failed to update price for 1729813263886550119
01:34:07 | ERROR   | [tokopedia] Session expired. Run 'login tokopedia' to re-authenticate.
01:34:07 | ERROR   | [tokopedia] No cache for product 1729816440922801255. Run get_products() first.
01:34:07 | WARNING | [tokopedia] Failed to update price for 1729816440922801255
01:34:10 | INFO    | [tokopedia] Price sync complete: 0 synced, 0 skipped, 3 failed (out of 3 total)
01:34:10 | INFO    | [tokopedia] Starting order sync: marketplace -> Odoo
01:34:29 | ERROR   | [tokopedia] Session expired.
01:34:29 | INFO    | [tokopedia] No new orders found.
01:34:29 | INFO    | [tokopedia] Session saved to /home/lutpiero/marketplace-integrator/sessions/tokopedia_state.json

=== Sync Results ===

shopee:
  stock: {'synced': 3, 'elapsed': 25.6}
  price: {'synced': 1, 'elapsed': 8.3}
  orders: {'synced': 0, 'elapsed': 34.2}

tokopedia:
  stock: {'synced': 0, 'elapsed': 63.3}
  price: {'synced': 0, 'elapsed': 67.2}
  orders: {'synced': 0, 'elapsed': 18.7}
02:00:02 | WARNING | LIVE MODE: Changes will be pushed to real marketplaces!
02:00:02 | WARNING | dry_run is False. This will modify live marketplace data. Press Ctrl+C within 5 seconds to abort...
02:00:07 | INFO    | === Syncing shopee ===
02:00:07 | INFO    | [shopee] Loading marketplace products to populate cache...
02:00:09 | INFO    | [shopee] Loaded existing session from /home/lutpiero/marketplace-integrator/sessions/shopee_state.json
02:00:09 | INFO    | [shopee] UA override applied to page (HeadlessChrome hidden)
02:00:28 | INFO    | [shopee] Found 11 products
02:00:28 | INFO    | [shopee] Starting stock sync: Odoo -> marketplace
02:00:30 | INFO    | Odoo authenticated as uid=2
02:00:43 | SUCCESS | [shopee] Stock updated for 28728642322: 15
02:00:47 | SUCCESS | [shopee] Stock updated for 4957025309: 48
02:00:51 | SUCCESS | [shopee] Stock updated for 6357021439: 56
02:00:53 | INFO    | [shopee] Stock sync complete: 3 synced, 0 skipped, 0 failed (out of 3 total)
02:00:53 | INFO    | [shopee] Starting price sync: Odoo -> marketplace
02:00:54 | SUCCESS | [shopee] Price updated for 28728642322: Rp6,000
02:00:56 | ERROR   | [shopee] API error for 4957025309: code=1000100252 msg=None
02:00:56 | WARNING | [shopee] Failed to update price for 4957025309
02:00:59 | ERROR   | [shopee] API error for 6357021439: code=1000100252 msg=None
02:00:59 | WARNING | [shopee] Failed to update price for 6357021439
02:01:01 | INFO    | [shopee] Price sync complete: 1 synced, 0 skipped, 2 failed (out of 3 total)
02:01:01 | INFO    | [shopee] Starting order sync: marketplace -> Odoo
02:01:38 | INFO    | [shopee] Found 40 orders (status=new)
02:01:38 | INFO    | [shopee] Order sync complete: 0/40 imported
02:01:38 | INFO    | [shopee] Session saved to /home/lutpiero/marketplace-integrator/sessions/shopee_state.json
02:01:38 | INFO    | === Syncing tokopedia ===
02:01:38 | INFO    | [tokopedia] Loading marketplace products to populate cache...
02:01:41 | INFO    | [tokopedia] Loaded existing session from /home/lutpiero/marketplace-integrator/sessions/tokopedia_state.json
02:02:07 | ERROR   | [tokopedia] Session expired. Run 'login tokopedia' to re-authenticate.
02:02:07 | INFO    | [tokopedia] Starting stock sync: Odoo -> marketplace
02:02:28 | ERROR   | [tokopedia] Session expired. Run 'login tokopedia' to re-authenticate.
02:02:28 | ERROR   | [tokopedia] No cache for product 1729813263110669415. Run get_products() first.
02:02:28 | WARNING | [tokopedia] Failed to update stock for 1729813263110669415
02:02:52 | ERROR   | [tokopedia] Session expired. Run 'login tokopedia' to re-authenticate.
02:02:52 | ERROR   | [tokopedia] No cache for product 1729813263886550119. Run get_products() first.
02:02:52 | WARNING | [tokopedia] Failed to update stock for 1729813263886550119
02:03:16 | ERROR   | [tokopedia] Session expired. Run 'login tokopedia' to re-authenticate.
02:03:16 | ERROR   | [tokopedia] No cache for product 1729816440922801255. Run get_products() first.
02:03:16 | WARNING | [tokopedia] Failed to update stock for 1729816440922801255
02:03:19 | INFO    | [tokopedia] Stock sync complete: 0 synced, 0 skipped, 3 failed (out of 3 total)
02:03:19 | INFO    | [tokopedia] Starting price sync: Odoo -> marketplace
02:03:37 | ERROR   | [tokopedia] Session expired. Run 'login tokopedia' to re-authenticate.
02:03:37 | ERROR   | [tokopedia] No cache for product 1729813263110669415. Run get_products() first.
02:03:37 | WARNING | [tokopedia] Failed to update price for 1729813263110669415
02:04:00 | ERROR   | [tokopedia] Session expired. Run 'login tokopedia' to re-authenticate.
02:04:00 | ERROR   | [tokopedia] No cache for product 1729813263886550119. Run get_products() first.
02:04:00 | WARNING | [tokopedia] Failed to update price for 1729813263886550119
02:04:21 | ERROR   | [tokopedia] Session expired. Run 'login tokopedia' to re-authenticate.
02:04:21 | ERROR   | [tokopedia] No cache for product 1729816440922801255. Run get_products() first.
02:04:21 | WARNING | [tokopedia] Failed to update price for 1729816440922801255
02:04:24 | INFO    | [tokopedia] Price sync complete: 0 synced, 0 skipped, 3 failed (out of 3 total)
02:04:24 | INFO    | [tokopedia] Starting order sync: marketplace -> Odoo
02:04:44 | ERROR   | [tokopedia] Session expired.
02:04:44 | INFO    | [tokopedia] No new orders found.
02:04:44 | INFO    | [tokopedia] Session saved to /home/lutpiero/marketplace-integrator/sessions/tokopedia_state.json

=== Sync Results ===

shopee:
  stock: {'synced': 3, 'elapsed': 25.4}
  price: {'synced': 1, 'elapsed': 8.1}
  orders: {'synced': 0, 'elapsed': 36.8}

tokopedia:
  stock: {'synced': 0, 'elapsed': 72.7}
  price: {'synced': 0, 'elapsed': 65.2}
  orders: {'synced': 0, 'elapsed': 19.6}
02:30:03 | WARNING | LIVE MODE: Changes will be pushed to real marketplaces!
02:30:03 | WARNING | dry_run is False. This will modify live marketplace data. Press Ctrl+C within 5 seconds to abort...
02:30:08 | INFO    | === Syncing shopee ===
02:30:08 | INFO    | [shopee] Loading marketplace products to populate cache...
02:30:10 | INFO    | [shopee] Loaded existing session from /home/lutpiero/marketplace-integrator/sessions/shopee_state.json
02:30:10 | INFO    | [shopee] UA override applied to page (HeadlessChrome hidden)
02:30:28 | INFO    | [shopee] Found 11 products
02:30:28 | INFO    | [shopee] Starting stock sync: Odoo -> marketplace
02:30:31 | INFO    | Odoo authenticated as uid=2
02:30:42 | SUCCESS | [shopee] Stock updated for 28728642322: 15
02:30:46 | SUCCESS | [shopee] Stock updated for 4957025309: 48
02:30:50 | SUCCESS | [shopee] Stock updated for 6357021439: 56
02:30:52 | INFO    | [shopee] Stock sync complete: 3 synced, 0 skipped, 0 failed (out of 3 total)
02:30:52 | INFO    | [shopee] Starting price sync: Odoo -> marketplace
02:30:55 | SUCCESS | [shopee] Price updated for 28728642322: Rp6,000
02:30:57 | ERROR   | [shopee] API error for 4957025309: code=1000100252 msg=None
02:30:57 | WARNING | [shopee] Failed to update price for 4957025309
02:31:00 | ERROR   | [shopee] API error for 6357021439: code=1000100252 msg=None
02:31:00 | WARNING | [shopee] Failed to update price for 6357021439
02:31:02 | INFO    | [shopee] Price sync complete: 1 synced, 0 skipped, 2 failed (out of 3 total)
02:31:02 | INFO    | [shopee] Starting order sync: marketplace -> Odoo
02:31:35 | INFO    | [shopee] Found 40 orders (status=new)
02:31:35 | INFO    | [shopee] Order sync complete: 0/40 imported
02:31:35 | INFO    | [shopee] Session saved to /home/lutpiero/marketplace-integrator/sessions/shopee_state.json
02:31:35 | INFO    | === Syncing tokopedia ===
02:31:35 | INFO    | [tokopedia] Loading marketplace products to populate cache...
02:31:37 | INFO    | [tokopedia] Loaded existing session from /home/lutpiero/marketplace-integrator/sessions/tokopedia_state.json
02:32:01 | ERROR   | [tokopedia] Session expired. Run 'login tokopedia' to re-authenticate.
02:32:01 | INFO    | [tokopedia] Starting stock sync: Odoo -> marketplace
02:32:21 | ERROR   | [tokopedia] Session expired. Run 'login tokopedia' to re-authenticate.
02:32:21 | ERROR   | [tokopedia] No cache for product 1729813263110669415. Run get_products() first.
02:32:21 | WARNING | [tokopedia] Failed to update stock for 1729813263110669415
02:32:42 | ERROR   | [tokopedia] Session expired. Run 'login tokopedia' to re-authenticate.
02:32:42 | ERROR   | [tokopedia] No cache for product 1729813263886550119. Run get_products() first.
02:32:42 | WARNING | [tokopedia] Failed to update stock for 1729813263886550119
02:33:03 | ERROR   | [tokopedia] Session expired. Run 'login tokopedia' to re-authenticate.
02:33:03 | ERROR   | [tokopedia] No cache for product 1729816440922801255. Run get_products() first.
02:33:03 | WARNING | [tokopedia] Failed to update stock for 1729816440922801255
02:33:06 | INFO    | [tokopedia] Stock sync complete: 0 synced, 0 skipped, 3 failed (out of 3 total)
02:33:06 | INFO    | [tokopedia] Starting price sync: Odoo -> marketplace
02:33:27 | ERROR   | [tokopedia] Session expired. Run 'login tokopedia' to re-authenticate.
02:33:27 | ERROR   | [tokopedia] No cache for product 1729813263110669415. Run get_products() first.
02:33:27 | WARNING | [tokopedia] Failed to update price for 1729813263110669415
02:33:48 | ERROR   | [tokopedia] Session expired. Run 'login tokopedia' to re-authenticate.
02:33:48 | ERROR   | [tokopedia] No cache for product 1729813263886550119. Run get_products() first.
02:33:48 | WARNING | [tokopedia] Failed to update price for 1729813263886550119
02:34:09 | ERROR   | [tokopedia] Session expired. Run 'login tokopedia' to re-authenticate.
02:34:09 | ERROR   | [tokopedia] No cache for product 1729816440922801255. Run get_products() first.
02:34:09 | WARNING | [tokopedia] Failed to update price for 1729816440922801255
02:34:12 | INFO    | [tokopedia] Price sync complete: 0 synced, 0 skipped, 3 failed (out of 3 total)
02:34:12 | INFO    | [tokopedia] Starting order sync: marketplace -> Odoo
02:34:30 | ERROR   | [tokopedia] Session expired.
02:34:30 | INFO    | [tokopedia] No new orders found.
02:34:30 | INFO    | [tokopedia] Session saved to /home/lutpiero/marketplace-integrator/sessions/tokopedia_state.json

=== Sync Results ===

shopee:
  stock: {'synced': 3, 'elapsed': 24.3}
  price: {'synced': 1, 'elapsed': 9.6}
  orders: {'synced': 0, 'elapsed': 32.6}

tokopedia:
  stock: {'synced': 0, 'elapsed': 64.9}
  price: {'synced': 0, 'elapsed': 66.4}
  orders: {'synced': 0, 'elapsed': 18.0}
03:00:03 | WARNING | LIVE MODE: Changes will be pushed to real marketplaces!
03:00:03 | WARNING | dry_run is False. This will modify live marketplace data. Press Ctrl+C within 5 seconds to abort...
03:00:08 | INFO    | === Syncing shopee ===
03:00:08 | INFO    | [shopee] Loading marketplace products to populate cache...
03:00:10 | INFO    | [shopee] Loaded existing session from /home/lutpiero/marketplace-integrator/sessions/shopee_state.json
03:00:10 | INFO    | [shopee] UA override applied to page (HeadlessChrome hidden)
03:00:28 | INFO    | [shopee] Found 11 products
03:00:28 | INFO    | [shopee] Starting stock sync: Odoo -> marketplace
03:00:31 | INFO    | Odoo authenticated as uid=2
03:00:43 | SUCCESS | [shopee] Stock updated for 28728642322: 15
03:00:48 | SUCCESS | [shopee] Stock updated for 4957025309: 48
03:00:51 | SUCCESS | [shopee] Stock updated for 6357021439: 56
03:00:53 | INFO    | [shopee] Stock sync complete: 3 synced, 0 skipped, 0 failed (out of 3 total)
03:00:53 | INFO    | [shopee] Starting price sync: Odoo -> marketplace
03:00:55 | SUCCESS | [shopee] Price updated for 28728642322: Rp6,000
03:00:57 | ERROR   | [shopee] API error for 4957025309: code=1000100252 msg=None
03:00:57 | WARNING | [shopee] Failed to update price for 4957025309
03:01:00 | ERROR   | [shopee] API error for 6357021439: code=1000100252 msg=None
03:01:00 | WARNING | [shopee] Failed to update price for 6357021439
03:01:02 | INFO    | [shopee] Price sync complete: 1 synced, 0 skipped, 2 failed (out of 3 total)
03:01:02 | INFO    | [shopee] Starting order sync: marketplace -> Odoo
03:01:38 | INFO    | [shopee] Found 40 orders (status=new)
03:01:38 | INFO    | [shopee] Order sync complete: 0/40 imported
03:01:38 | INFO    | [shopee] Session saved to /home/lutpiero/marketplace-integrator/sessions/shopee_state.json
03:01:38 | INFO    | === Syncing tokopedia ===
03:01:38 | INFO    | [tokopedia] Loading marketplace products to populate cache...
03:01:40 | INFO    | [tokopedia] Loaded existing session from /home/lutpiero/marketplace-integrator/sessions/tokopedia_state.json
03:02:03 | ERROR   | [tokopedia] Session expired. Run 'login tokopedia' to re-authenticate.
03:02:03 | INFO    | [tokopedia] Starting stock sync: Odoo -> marketplace
03:02:21 | ERROR   | [tokopedia] Session expired. Run 'login tokopedia' to re-authenticate.
03:02:21 | ERROR   | [tokopedia] No cache for product 1729813263110669415. Run get_products() first.
03:02:21 | WARNING | [tokopedia] Failed to update stock for 1729813263110669415
03:02:45 | ERROR   | [tokopedia] Session expired. Run 'login tokopedia' to re-authenticate.
03:02:45 | ERROR   | [tokopedia] No cache for product 1729813263886550119. Run get_products() first.
03:02:45 | WARNING | [tokopedia] Failed to update stock for 1729813263886550119
03:03:09 | ERROR   | [tokopedia] Session expired. Run 'login tokopedia' to re-authenticate.
03:03:09 | ERROR   | [tokopedia] No cache for product 1729816440922801255. Run get_products() first.
03:03:09 | WARNING | [tokopedia] Failed to update stock for 1729816440922801255
03:03:12 | INFO    | [tokopedia] Stock sync complete: 0 synced, 0 skipped, 3 failed (out of 3 total)
03:03:12 | INFO    | [tokopedia] Starting price sync: Odoo -> marketplace
03:03:33 | ERROR   | [tokopedia] Session expired. Run 'login tokopedia' to re-authenticate.
03:03:33 | ERROR   | [tokopedia] No cache for product 1729813263110669415. Run get_products() first.
03:03:33 | WARNING | [tokopedia] Failed to update price for 1729813263110669415
03:03:54 | ERROR   | [tokopedia] Session expired. Run 'login tokopedia' to re-authenticate.
03:03:54 | ERROR   | [tokopedia] No cache for product 1729813263886550119. Run get_products() first.
03:03:54 | WARNING | [tokopedia] Failed to update price for 1729813263886550119
03:04:15 | ERROR   | [tokopedia] Session expired. Run 'login tokopedia' to re-authenticate.
03:04:15 | ERROR   | [tokopedia] No cache for product 1729816440922801255. Run get_products() first.
03:04:15 | WARNING | [tokopedia] Failed to update price for 1729816440922801255
03:04:18 | INFO    | [tokopedia] Price sync complete: 0 synced, 0 skipped, 3 failed (out of 3 total)
03:04:18 | INFO    | [tokopedia] Starting order sync: marketplace -> Odoo
03:04:39 | ERROR   | [tokopedia] Session expired.
03:04:39 | INFO    | [tokopedia] No new orders found.
03:04:39 | INFO    | [tokopedia] Session saved to /home/lutpiero/marketplace-integrator/sessions/tokopedia_state.json

=== Sync Results ===

shopee:
  stock: {'synced': 3, 'elapsed': 24.8}
  price: {'synced': 1, 'elapsed': 8.9}
  orders: {'synced': 0, 'elapsed': 35.9}

tokopedia:
  stock: {'synced': 0, 'elapsed': 68.9}
  price: {'synced': 0, 'elapsed': 66.1}
  orders: {'synced': 0, 'elapsed': 20.6}
03:30:03 | WARNING | LIVE MODE: Changes will be pushed to real marketplaces!
03:30:03 | WARNING | dry_run is False. This will modify live marketplace data. Press Ctrl+C within 5 seconds to abort...
03:30:08 | INFO    | === Syncing shopee ===
03:30:08 | INFO    | [shopee] Loading marketplace products to populate cache...
03:30:10 | INFO    | [shopee] Loaded existing session from /home/lutpiero/marketplace-integrator/sessions/shopee_state.json
03:30:10 | INFO    | [shopee] UA override applied to page (HeadlessChrome hidden)
03:30:28 | INFO    | [shopee] Found 11 products
03:30:28 | INFO    | [shopee] Starting stock sync: Odoo -> marketplace
03:30:31 | INFO    | Odoo authenticated as uid=2
03:30:43 | SUCCESS | [shopee] Stock updated for 28728642322: 15
03:30:47 | SUCCESS | [shopee] Stock updated for 4957025309: 48
03:30:51 | SUCCESS | [shopee] Stock updated for 6357021439: 56
03:30:53 | INFO    | [shopee] Stock sync complete: 3 synced, 0 skipped, 0 failed (out of 3 total)
03:30:53 | INFO    | [shopee] Starting price sync: Odoo -> marketplace
03:30:54 | SUCCESS | [shopee] Price updated for 28728642322: Rp6,000
03:30:57 | ERROR   | [shopee] API error for 4957025309: code=1000100252 msg=None
03:30:57 | WARNING | [shopee] Failed to update price for 4957025309
03:31:00 | ERROR   | [shopee] API error for 6357021439: code=1000100252 msg=None
03:31:00 | WARNING | [shopee] Failed to update price for 6357021439
03:31:02 | INFO    | [shopee] Price sync complete: 1 synced, 0 skipped, 2 failed (out of 3 total)
03:31:02 | INFO    | [shopee] Starting order sync: marketplace -> Odoo
03:31:37 | INFO    | [shopee] Found 40 orders (status=new)
03:31:37 | INFO    | [shopee] Order sync complete: 0/40 imported
03:31:38 | INFO    | [shopee] Session saved to /home/lutpiero/marketplace-integrator/sessions/shopee_state.json
03:31:38 | INFO    | === Syncing tokopedia ===
03:31:38 | INFO    | [tokopedia] Loading marketplace products to populate cache...
03:31:40 | INFO    | [tokopedia] Loaded existing session from /home/lutpiero/marketplace-integrator/sessions/tokopedia_state.json
03:32:02 | ERROR   | [tokopedia] Session expired. Run 'login tokopedia' to re-authenticate.
03:32:02 | INFO    | [tokopedia] Starting stock sync: Odoo -> marketplace
03:32:23 | ERROR   | [tokopedia] Session expired. Run 'login tokopedia' to re-authenticate.
03:32:23 | ERROR   | [tokopedia] No cache for product 1729813263110669415. Run get_products() first.
03:32:23 | WARNING | [tokopedia] Failed to update stock for 1729813263110669415
03:32:47 | ERROR   | [tokopedia] Session expired. Run 'login tokopedia' to re-authenticate.
03:32:47 | ERROR   | [tokopedia] No cache for product 1729813263886550119. Run get_products() first.
03:32:47 | WARNING | [tokopedia] Failed to update stock for 1729813263886550119
03:33:08 | ERROR   | [tokopedia] Session expired. Run 'login tokopedia' to re-authenticate.
03:33:08 | ERROR   | [tokopedia] No cache for product 1729816440922801255. Run get_products() first.
03:33:08 | WARNING | [tokopedia] Failed to update stock for 1729816440922801255
03:33:11 | INFO    | [tokopedia] Stock sync complete: 0 synced, 0 skipped, 3 failed (out of 3 total)
03:33:11 | INFO    | [tokopedia] Starting price sync: Odoo -> marketplace
03:33:32 | ERROR   | [tokopedia] Session expired. Run 'login tokopedia' to re-authenticate.
03:33:32 | ERROR   | [tokopedia] No cache for product 1729813263110669415. Run get_products() first.
03:33:32 | WARNING | [tokopedia] Failed to update price for 1729813263110669415
03:33:53 | ERROR   | [tokopedia] Session expired. Run 'login tokopedia' to re-authenticate.
03:33:53 | ERROR   | [tokopedia] No cache for product 1729813263886550119. Run get_products() first.
03:33:53 | WARNING | [tokopedia] Failed to update price for 1729813263886550119
03:34:15 | ERROR   | [tokopedia] Session expired. Run 'login tokopedia' to re-authenticate.
03:34:15 | ERROR   | [tokopedia] No cache for product 1729816440922801255. Run get_products() first.
03:34:15 | WARNING | [tokopedia] Failed to update price for 1729816440922801255
03:34:18 | INFO    | [tokopedia] Price sync complete: 0 synced, 0 skipped, 3 failed (out of 3 total)
03:34:18 | INFO    | [tokopedia] Starting order sync: marketplace -> Odoo
03:34:35 | ERROR   | [tokopedia] Session expired.
03:34:35 | INFO    | [tokopedia] No new orders found.
03:34:36 | INFO    | [tokopedia] Session saved to /home/lutpiero/marketplace-integrator/sessions/tokopedia_state.json

=== Sync Results ===

shopee:
  stock: {'synced': 3, 'elapsed': 24.5}
  price: {'synced': 1, 'elapsed': 9.2}
  orders: {'synced': 0, 'elapsed': 35.6}

tokopedia:
  stock: {'synced': 0, 'elapsed': 69.1}
  price: {'synced': 0, 'elapsed': 66.4}
  orders: {'synced': 0, 'elapsed': 17.3}
04:00:03 | WARNING | LIVE MODE: Changes will be pushed to real marketplaces!
04:00:03 | WARNING | dry_run is False. This will modify live marketplace data. Press Ctrl+C within 5 seconds to abort...
04:00:08 | INFO    | === Syncing shopee ===
04:00:08 | INFO    | [shopee] Loading marketplace products to populate cache...
04:00:12 | INFO    | [shopee] Loaded existing session from /home/lutpiero/marketplace-integrator/sessions/shopee_state.json
04:00:12 | INFO    | [shopee] UA override applied to page (HeadlessChrome hidden)
04:00:31 | INFO    | [shopee] Found 11 products
04:00:31 | INFO    | [shopee] Starting stock sync: Odoo -> marketplace
04:00:33 | INFO    | Odoo authenticated as uid=2
04:00:45 | SUCCESS | [shopee] Stock updated for 28728642322: 15
04:00:50 | SUCCESS | [shopee] Stock updated for 4957025309: 48
04:00:54 | SUCCESS | [shopee] Stock updated for 6357021439: 56
04:00:56 | INFO    | [shopee] Stock sync complete: 3 synced, 0 skipped, 0 failed (out of 3 total)
04:00:56 | INFO    | [shopee] Starting price sync: Odoo -> marketplace
04:00:57 | SUCCESS | [shopee] Price updated for 28728642322: Rp6,000
04:00:59 | ERROR   | [shopee] API error for 4957025309: code=1000100252 msg=None
04:00:59 | WARNING | [shopee] Failed to update price for 4957025309
04:01:02 | ERROR   | [shopee] API error for 6357021439: code=1000100252 msg=None
04:01:02 | WARNING | [shopee] Failed to update price for 6357021439
04:01:04 | INFO    | [shopee] Price sync complete: 1 synced, 0 skipped, 2 failed (out of 3 total)
04:01:04 | INFO    | [shopee] Starting order sync: marketplace -> Odoo
04:01:39 | INFO    | [shopee] Found 40 orders (status=new)
04:01:39 | INFO    | [shopee] Order sync complete: 0/40 imported
04:01:39 | INFO    | [shopee] Session saved to /home/lutpiero/marketplace-integrator/sessions/shopee_state.json
04:01:39 | INFO    | === Syncing tokopedia ===
04:01:39 | INFO    | [tokopedia] Loading marketplace products to populate cache...
04:01:41 | INFO    | [tokopedia] Loaded existing session from /home/lutpiero/marketplace-integrator/sessions/tokopedia_state.json
04:02:03 | ERROR   | [tokopedia] Session expired. Run 'login tokopedia' to re-authenticate.
04:02:03 | INFO    | [tokopedia] Starting stock sync: Odoo -> marketplace
04:02:23 | ERROR   | [tokopedia] Session expired. Run 'login tokopedia' to re-authenticate.
04:02:23 | ERROR   | [tokopedia] No cache for product 1729813263110669415. Run get_products() first.
04:02:23 | WARNING | [tokopedia] Failed to update stock for 1729813263110669415
04:02:46 | ERROR   | [tokopedia] Session expired. Run 'login tokopedia' to re-authenticate.
04:02:46 | ERROR   | [tokopedia] No cache for product 1729813263886550119. Run get_products() first.
04:02:46 | WARNING | [tokopedia] Failed to update stock for 1729813263886550119
04:03:06 | ERROR   | [tokopedia] Session expired. Run 'login tokopedia' to re-authenticate.
04:03:06 | ERROR   | [tokopedia] No cache for product 1729816440922801255. Run get_products() first.
04:03:06 | WARNING | [tokopedia] Failed to update stock for 1729816440922801255
04:03:09 | INFO    | [tokopedia] Stock sync complete: 0 synced, 0 skipped, 3 failed (out of 3 total)
04:03:09 | INFO    | [tokopedia] Starting price sync: Odoo -> marketplace
04:03:26 | ERROR   | [tokopedia] Session expired. Run 'login tokopedia' to re-authenticate.
04:03:26 | ERROR   | [tokopedia] No cache for product 1729813263110669415. Run get_products() first.
04:03:26 | WARNING | [tokopedia] Failed to update price for 1729813263110669415
04:03:48 | ERROR   | [tokopedia] Session expired. Run 'login tokopedia' to re-authenticate.
04:03:48 | ERROR   | [tokopedia] No cache for product 1729813263886550119. Run get_products() first.
04:03:48 | WARNING | [tokopedia] Failed to update price for 1729813263886550119
04:04:11 | ERROR   | [tokopedia] Session expired. Run 'login tokopedia' to re-authenticate.
04:04:11 | ERROR   | [tokopedia] No cache for product 1729816440922801255. Run get_products() first.
04:04:11 | WARNING | [tokopedia] Failed to update price for 1729816440922801255
04:04:14 | INFO    | [tokopedia] Price sync complete: 0 synced, 0 skipped, 3 failed (out of 3 total)
04:04:14 | INFO    | [tokopedia] Starting order sync: marketplace -> Odoo
04:04:31 | ERROR   | [tokopedia] Session expired.
04:04:31 | INFO    | [tokopedia] No new orders found.
04:04:31 | INFO    | [tokopedia] Session saved to /home/lutpiero/marketplace-integrator/sessions/tokopedia_state.json

=== Sync Results ===

shopee:
  stock: {'synced': 3, 'elapsed': 24.8}
  price: {'synced': 1, 'elapsed': 8.6}
  orders: {'synced': 0, 'elapsed': 34.8}

tokopedia:
  stock: {'synced': 0, 'elapsed': 65.7}
  price: {'synced': 0, 'elapsed': 64.7}
  orders: {'synced': 0, 'elapsed': 17.3}
04:30:03 | WARNING | LIVE MODE: Changes will be pushed to real marketplaces!
04:30:03 | WARNING | dry_run is False. This will modify live marketplace data. Press Ctrl+C within 5 seconds to abort...
04:30:08 | INFO    | === Syncing shopee ===
04:30:08 | INFO    | [shopee] Loading marketplace products to populate cache...
04:30:10 | INFO    | [shopee] Loaded existing session from /home/lutpiero/marketplace-integrator/sessions/shopee_state.json
04:30:10 | INFO    | [shopee] UA override applied to page (HeadlessChrome hidden)
04:30:27 | INFO    | [shopee] Found 11 products
04:30:27 | INFO    | [shopee] Starting stock sync: Odoo -> marketplace
04:30:30 | INFO    | Odoo authenticated as uid=2
04:30:41 | SUCCESS | [shopee] Stock updated for 28728642322: 15
04:30:45 | SUCCESS | [shopee] Stock updated for 4957025309: 48
04:30:48 | SUCCESS | [shopee] Stock updated for 6357021439: 56
04:30:50 | INFO    | [shopee] Stock sync complete: 3 synced, 0 skipped, 0 failed (out of 3 total)
04:30:50 | INFO    | [shopee] Starting price sync: Odoo -> marketplace
04:30:51 | SUCCESS | [shopee] Price updated for 28728642322: Rp6,000
04:30:54 | ERROR   | [shopee] API error for 4957025309: code=1000100252 msg=None
04:30:54 | WARNING | [shopee] Failed to update price for 4957025309
04:30:57 | ERROR   | [shopee] API error for 6357021439: code=1000100252 msg=None
04:30:57 | WARNING | [shopee] Failed to update price for 6357021439
04:30:59 | INFO    | [shopee] Price sync complete: 1 synced, 0 skipped, 2 failed (out of 3 total)
04:30:59 | INFO    | [shopee] Starting order sync: marketplace -> Odoo
04:31:38 | INFO    | [shopee] Found 40 orders (status=new)
04:31:38 | INFO    | [shopee] Order sync complete: 0/40 imported
04:31:38 | INFO    | [shopee] Session saved to /home/lutpiero/marketplace-integrator/sessions/shopee_state.json
04:31:39 | INFO    | === Syncing tokopedia ===
04:31:39 | INFO    | [tokopedia] Loading marketplace products to populate cache...
04:31:41 | INFO    | [tokopedia] Loaded existing session from /home/lutpiero/marketplace-integrator/sessions/tokopedia_state.json
04:32:04 | ERROR   | [tokopedia] Session expired. Run 'login tokopedia' to re-authenticate.
04:32:04 | INFO    | [tokopedia] Starting stock sync: Odoo -> marketplace
04:32:22 | ERROR   | [tokopedia] Session expired. Run 'login tokopedia' to re-authenticate.
04:32:22 | ERROR   | [tokopedia] No cache for product 1729813263110669415. Run get_products() first.
04:32:22 | WARNING | [tokopedia] Failed to update stock for 1729813263110669415
04:32:45 | ERROR   | [tokopedia] Session expired. Run 'login tokopedia' to re-authenticate.
04:32:45 | ERROR   | [tokopedia] No cache for product 1729813263886550119. Run get_products() first.
04:32:45 | WARNING | [tokopedia] Failed to update stock for 1729813263886550119
04:33:08 | ERROR   | [tokopedia] Session expired. Run 'login tokopedia' to re-authenticate.
04:33:08 | ERROR   | [tokopedia] No cache for product 1729816440922801255. Run get_products() first.
04:33:08 | WARNING | [tokopedia] Failed to update stock for 1729816440922801255
04:33:11 | INFO    | [tokopedia] Stock sync complete: 0 synced, 0 skipped, 3 failed (out of 3 total)
04:33:11 | INFO    | [tokopedia] Starting price sync: Odoo -> marketplace
04:33:32 | ERROR   | [tokopedia] Session expired. Run 'login tokopedia' to re-authenticate.
04:33:32 | ERROR   | [tokopedia] No cache for product 1729813263110669415. Run get_products() first.
04:33:32 | WARNING | [tokopedia] Failed to update price for 1729813263110669415
04:33:55 | ERROR   | [tokopedia] Session expired. Run 'login tokopedia' to re-authenticate.
04:33:55 | ERROR   | [tokopedia] No cache for product 1729813263886550119. Run get_products() first.
04:33:55 | WARNING | [tokopedia] Failed to update price for 1729813263886550119
04:34:19 | ERROR   | [tokopedia] Session expired. Run 'login tokopedia' to re-authenticate.
04:34:19 | ERROR   | [tokopedia] No cache for product 1729816440922801255. Run get_products() first.
04:34:19 | WARNING | [tokopedia] Failed to update price for 1729816440922801255
04:34:22 | INFO    | [tokopedia] Price sync complete: 0 synced, 0 skipped, 3 failed (out of 3 total)
04:34:22 | INFO    | [tokopedia] Starting order sync: marketplace -> Odoo
04:34:40 | ERROR   | [tokopedia] Session expired.
04:34:40 | INFO    | [tokopedia] No new orders found.
04:34:40 | INFO    | [tokopedia] Session saved to /home/lutpiero/marketplace-integrator/sessions/tokopedia_state.json

=== Sync Results ===

shopee:
  stock: {'synced': 3, 'elapsed': 22.9}
  price: {'synced': 1, 'elapsed': 8.5}
  orders: {'synced': 0, 'elapsed': 39.4}

tokopedia:
  stock: {'synced': 0, 'elapsed': 66.6}
  price: {'synced': 0, 'elapsed': 71.0}
  orders: {'synced': 0, 'elapsed': 17.6}
05:00:03 | WARNING | LIVE MODE: Changes will be pushed to real marketplaces!
05:00:03 | WARNING | dry_run is False. This will modify live marketplace data. Press Ctrl+C within 5 seconds to abort...
05:00:08 | INFO    | === Syncing shopee ===
05:00:08 | INFO    | [shopee] Loading marketplace products to populate cache...
05:00:10 | INFO    | [shopee] Loaded existing session from /home/lutpiero/marketplace-integrator/sessions/shopee_state.json
05:00:10 | INFO    | [shopee] UA override applied to page (HeadlessChrome hidden)
05:00:26 | INFO    | [shopee] Found 11 products
05:00:26 | INFO    | [shopee] Starting stock sync: Odoo -> marketplace
05:00:28 | INFO    | Odoo authenticated as uid=2
05:00:42 | SUCCESS | [shopee] Stock updated for 28728642322: 15
05:00:46 | SUCCESS | [shopee] Stock updated for 4957025309: 48
05:00:50 | SUCCESS | [shopee] Stock updated for 6357021439: 56
05:00:52 | INFO    | [shopee] Stock sync complete: 3 synced, 0 skipped, 0 failed (out of 3 total)
05:00:52 | INFO    | [shopee] Starting price sync: Odoo -> marketplace
05:00:54 | SUCCESS | [shopee] Price updated for 28728642322: Rp6,000
05:00:56 | ERROR   | [shopee] API error for 4957025309: code=1000100252 msg=None
05:00:56 | WARNING | [shopee] Failed to update price for 4957025309
05:00:59 | ERROR   | [shopee] API error for 6357021439: code=1000100252 msg=None
05:00:59 | WARNING | [shopee] Failed to update price for 6357021439
05:01:01 | INFO    | [shopee] Price sync complete: 1 synced, 0 skipped, 2 failed (out of 3 total)
05:01:01 | INFO    | [shopee] Starting order sync: marketplace -> Odoo
05:01:37 | INFO    | [shopee] Found 40 orders (status=new)
05:01:37 | INFO    | [shopee] Order sync complete: 0/40 imported
05:01:37 | INFO    | [shopee] Session saved to /home/lutpiero/marketplace-integrator/sessions/shopee_state.json
05:01:37 | INFO    | === Syncing tokopedia ===
05:01:37 | INFO    | [tokopedia] Loading marketplace products to populate cache...
05:01:40 | INFO    | [tokopedia] Loaded existing session from /home/lutpiero/marketplace-integrator/sessions/tokopedia_state.json
05:02:06 | ERROR   | [tokopedia] Session expired. Run 'login tokopedia' to re-authenticate.
05:02:06 | INFO    | [tokopedia] Starting stock sync: Odoo -> marketplace
05:02:26 | ERROR   | [tokopedia] Session expired. Run 'login tokopedia' to re-authenticate.
05:02:26 | ERROR   | [tokopedia] No cache for product 1729813263110669415. Run get_products() first.
05:02:26 | WARNING | [tokopedia] Failed to update stock for 1729813263110669415
05:02:52 | ERROR   | [tokopedia] Session expired. Run 'login tokopedia' to re-authenticate.
05:02:52 | ERROR   | [tokopedia] No cache for product 1729813263886550119. Run get_products() first.
05:02:52 | WARNING | [tokopedia] Failed to update stock for 1729813263886550119
05:03:16 | ERROR   | [tokopedia] Session expired. Run 'login tokopedia' to re-authenticate.
05:03:16 | ERROR   | [tokopedia] No cache for product 1729816440922801255. Run get_products() first.
05:03:16 | WARNING | [tokopedia] Failed to update stock for 1729816440922801255
05:03:19 | INFO    | [tokopedia] Stock sync complete: 0 synced, 0 skipped, 3 failed (out of 3 total)
05:03:19 | INFO    | [tokopedia] Starting price sync: Odoo -> marketplace
05:03:39 | ERROR   | [tokopedia] Session expired. Run 'login tokopedia' to re-authenticate.
05:03:39 | ERROR   | [tokopedia] No cache for product 1729813263110669415. Run get_products() first.
05:03:39 | WARNING | [tokopedia] Failed to update price for 1729813263110669415
05:04:01 | ERROR   | [tokopedia] Session expired. Run 'login tokopedia' to re-authenticate.
05:04:01 | ERROR   | [tokopedia] No cache for product 1729813263886550119. Run get_products() first.
05:04:01 | WARNING | [tokopedia] Failed to update price for 1729813263886550119
05:04:24 | ERROR   | [tokopedia] Session expired. Run 'login tokopedia' to re-authenticate.
05:04:24 | ERROR   | [tokopedia] No cache for product 1729816440922801255. Run get_products() first.
05:04:24 | WARNING | [tokopedia] Failed to update price for 1729816440922801255
05:04:27 | INFO    | [tokopedia] Price sync complete: 0 synced, 0 skipped, 3 failed (out of 3 total)
05:04:27 | INFO    | [tokopedia] Starting order sync: marketplace -> Odoo
05:04:49 | ERROR   | [tokopedia] Session expired.
05:04:49 | INFO    | [tokopedia] No new orders found.
05:04:49 | INFO    | [tokopedia] Session saved to /home/lutpiero/marketplace-integrator/sessions/tokopedia_state.json

=== Sync Results ===

shopee:
  stock: {'synced': 3, 'elapsed': 26.5}
  price: {'synced': 1, 'elapsed': 8.7}
  orders: {'synced': 0, 'elapsed': 36.0}

tokopedia:
  stock: {'synced': 0, 'elapsed': 73.5}
  price: {'synced': 0, 'elapsed': 68.4}
  orders: {'synced': 0, 'elapsed': 21.3}
05:30:02 | WARNING | LIVE MODE: Changes will be pushed to real marketplaces!
05:30:02 | WARNING | dry_run is False. This will modify live marketplace data. Press Ctrl+C within 5 seconds to abort...
05:30:07 | INFO    | === Syncing shopee ===
05:30:07 | INFO    | [shopee] Loading marketplace products to populate cache...
05:30:09 | INFO    | [shopee] Loaded existing session from /home/lutpiero/marketplace-integrator/sessions/shopee_state.json
05:30:09 | INFO    | [shopee] UA override applied to page (HeadlessChrome hidden)
05:30:28 | INFO    | [shopee] Found 11 products
05:30:28 | INFO    | [shopee] Starting stock sync: Odoo -> marketplace
05:30:30 | INFO    | Odoo authenticated as uid=2
05:30:42 | SUCCESS | [shopee] Stock updated for 28728642322: 15
05:30:47 | SUCCESS | [shopee] Stock updated for 4957025309: 48
05:30:51 | SUCCESS | [shopee] Stock updated for 6357021439: 56
05:30:53 | INFO    | [shopee] Stock sync complete: 3 synced, 0 skipped, 0 failed (out of 3 total)
05:30:53 | INFO    | [shopee] Starting price sync: Odoo -> marketplace
05:30:54 | SUCCESS | [shopee] Price updated for 28728642322: Rp6,000
05:30:57 | ERROR   | [shopee] API error for 4957025309: code=1000100252 msg=None
05:30:57 | WARNING | [shopee] Failed to update price for 4957025309
05:31:00 | ERROR   | [shopee] API error for 6357021439: code=1000100252 msg=None
05:31:00 | WARNING | [shopee] Failed to update price for 6357021439
05:31:02 | INFO    | [shopee] Price sync complete: 1 synced, 0 skipped, 2 failed (out of 3 total)
05:31:02 | INFO    | [shopee] Starting order sync: marketplace -> Odoo
05:31:40 | INFO    | [shopee] Found 40 orders (status=new)
05:31:40 | INFO    | [shopee] Order sync complete: 0/40 imported
05:31:40 | INFO    | [shopee] Session saved to /home/lutpiero/marketplace-integrator/sessions/shopee_state.json
05:31:40 | INFO    | === Syncing tokopedia ===
05:31:40 | INFO    | [tokopedia] Loading marketplace products to populate cache...
05:31:42 | INFO    | [tokopedia] Loaded existing session from /home/lutpiero/marketplace-integrator/sessions/tokopedia_state.json
05:32:08 | ERROR   | [tokopedia] Session expired. Run 'login tokopedia' to re-authenticate.
05:32:08 | INFO    | [tokopedia] Starting stock sync: Odoo -> marketplace
05:32:26 | ERROR   | [tokopedia] Session expired. Run 'login tokopedia' to re-authenticate.
05:32:26 | ERROR   | [tokopedia] No cache for product 1729813263110669415. Run get_products() first.
05:32:26 | WARNING | [tokopedia] Failed to update stock for 1729813263110669415
05:32:51 | ERROR   | [tokopedia] Session expired. Run 'login tokopedia' to re-authenticate.
05:32:51 | ERROR   | [tokopedia] No cache for product 1729813263886550119. Run get_products() first.
05:32:51 | WARNING | [tokopedia] Failed to update stock for 1729813263886550119
05:33:16 | ERROR   | [tokopedia] Session expired. Run 'login tokopedia' to re-authenticate.
05:33:16 | ERROR   | [tokopedia] No cache for product 1729816440922801255. Run get_products() first.
05:33:16 | WARNING | [tokopedia] Failed to update stock for 1729816440922801255
05:33:19 | INFO    | [tokopedia] Stock sync complete: 0 synced, 0 skipped, 3 failed (out of 3 total)
05:33:19 | INFO    | [tokopedia] Starting price sync: Odoo -> marketplace
05:33:38 | ERROR   | [tokopedia] Session expired. Run 'login tokopedia' to re-authenticate.
05:33:38 | ERROR   | [tokopedia] No cache for product 1729813263110669415. Run get_products() first.
05:33:38 | WARNING | [tokopedia] Failed to update price for 1729813263110669415
05:34:02 | ERROR   | [tokopedia] Session expired. Run 'login tokopedia' to re-authenticate.
05:34:02 | ERROR   | [tokopedia] No cache for product 1729813263886550119. Run get_products() first.
05:34:02 | WARNING | [tokopedia] Failed to update price for 1729813263886550119
05:34:27 | ERROR   | [tokopedia] Session expired. Run 'login tokopedia' to re-authenticate.
05:34:27 | ERROR   | [tokopedia] No cache for product 1729816440922801255. Run get_products() first.
05:34:27 | WARNING | [tokopedia] Failed to update price for 1729816440922801255
05:34:30 | INFO    | [tokopedia] Price sync complete: 0 synced, 0 skipped, 3 failed (out of 3 total)
05:34:30 | INFO    | [tokopedia] Starting order sync: marketplace -> Odoo
05:34:49 | ERROR   | [tokopedia] Session expired.
05:34:49 | INFO    | [tokopedia] No new orders found.
05:34:49 | INFO    | [tokopedia] Session saved to /home/lutpiero/marketplace-integrator/sessions/tokopedia_state.json

=== Sync Results ===

shopee:
  stock: {'synced': 3, 'elapsed': 25.0}
  price: {'synced': 1, 'elapsed': 9.1}
  orders: {'synced': 0, 'elapsed': 37.9}

tokopedia:
  stock: {'synced': 0, 'elapsed': 70.9}
  price: {'synced': 0, 'elapsed': 70.8}
  orders: {'synced': 0, 'elapsed': 19.0}
06:00:03 | WARNING | LIVE MODE: Changes will be pushed to real marketplaces!
06:00:03 | WARNING | dry_run is False. This will modify live marketplace data. Press Ctrl+C within 5 seconds to abort...
06:00:08 | INFO    | === Syncing shopee ===
06:00:08 | INFO    | [shopee] Loading marketplace products to populate cache...
06:00:10 | INFO    | [shopee] Loaded existing session from /home/lutpiero/marketplace-integrator/sessions/shopee_state.json
06:00:10 | INFO    | [shopee] UA override applied to page (HeadlessChrome hidden)
06:00:27 | INFO    | [shopee] Found 11 products
06:00:27 | INFO    | [shopee] Starting stock sync: Odoo -> marketplace
06:00:30 | INFO    | Odoo authenticated as uid=2
06:00:42 | SUCCESS | [shopee] Stock updated for 28728642322: 15
06:00:47 | SUCCESS | [shopee] Stock updated for 4957025309: 48
06:00:51 | SUCCESS | [shopee] Stock updated for 6357021439: 56
06:00:53 | INFO    | [shopee] Stock sync complete: 3 synced, 0 skipped, 0 failed (out of 3 total)
06:00:53 | INFO    | [shopee] Starting price sync: Odoo -> marketplace
06:00:53 | SUCCESS | [shopee] Price updated for 28728642322: Rp6,000
06:00:56 | ERROR   | [shopee] API error for 4957025309: code=1000100252 msg=None
06:00:56 | WARNING | [shopee] Failed to update price for 4957025309
06:00:59 | ERROR   | [shopee] API error for 6357021439: code=1000100252 msg=None
06:00:59 | WARNING | [shopee] Failed to update price for 6357021439
06:01:01 | INFO    | [shopee] Price sync complete: 1 synced, 0 skipped, 2 failed (out of 3 total)
06:01:01 | INFO    | [shopee] Starting order sync: marketplace -> Odoo
06:01:36 | INFO    | [shopee] Found 40 orders (status=new)
06:01:36 | INFO    | [shopee] Order sync complete: 0/40 imported
06:01:36 | INFO    | [shopee] Session saved to /home/lutpiero/marketplace-integrator/sessions/shopee_state.json
06:01:37 | INFO    | === Syncing tokopedia ===
06:01:37 | INFO    | [tokopedia] Loading marketplace products to populate cache...
06:01:39 | INFO    | [tokopedia] Loaded existing session from /home/lutpiero/marketplace-integrator/sessions/tokopedia_state.json
06:02:02 | ERROR   | [tokopedia] Session expired. Run 'login tokopedia' to re-authenticate.
06:02:02 | INFO    | [tokopedia] Starting stock sync: Odoo -> marketplace
06:02:20 | ERROR   | [tokopedia] Session expired. Run 'login tokopedia' to re-authenticate.
06:02:20 | ERROR   | [tokopedia] No cache for product 1729813263110669415. Run get_products() first.
06:02:20 | WARNING | [tokopedia] Failed to update stock for 1729813263110669415
06:02:41 | ERROR   | [tokopedia] Session expired. Run 'login tokopedia' to re-authenticate.
06:02:41 | ERROR   | [tokopedia] No cache for product 1729813263886550119. Run get_products() first.
06:02:41 | WARNING | [tokopedia] Failed to update stock for 1729813263886550119
06:03:02 | ERROR   | [tokopedia] Session expired. Run 'login tokopedia' to re-authenticate.
06:03:02 | ERROR   | [tokopedia] No cache for product 1729816440922801255. Run get_products() first.
06:03:02 | WARNING | [tokopedia] Failed to update stock for 1729816440922801255
06:03:05 | INFO    | [tokopedia] Stock sync complete: 0 synced, 0 skipped, 3 failed (out of 3 total)
06:03:05 | INFO    | [tokopedia] Starting price sync: Odoo -> marketplace
06:03:25 | ERROR   | [tokopedia] Session expired. Run 'login tokopedia' to re-authenticate.
06:03:25 | ERROR   | [tokopedia] No cache for product 1729813263110669415. Run get_products() first.
06:03:25 | WARNING | [tokopedia] Failed to update price for 1729813263110669415
06:03:50 | ERROR   | [tokopedia] Session expired. Run 'login tokopedia' to re-authenticate.
06:03:50 | ERROR   | [tokopedia] No cache for product 1729813263886550119. Run get_products() first.
06:03:50 | WARNING | [tokopedia] Failed to update price for 1729813263886550119
06:04:16 | ERROR   | [tokopedia] Session expired. Run 'login tokopedia' to re-authenticate.
06:04:16 | ERROR   | [tokopedia] No cache for product 1729816440922801255. Run get_products() first.
06:04:16 | WARNING | [tokopedia] Failed to update price for 1729816440922801255
06:04:19 | INFO    | [tokopedia] Price sync complete: 0 synced, 0 skipped, 3 failed (out of 3 total)
06:04:19 | INFO    | [tokopedia] Starting order sync: marketplace -> Odoo
06:04:37 | ERROR   | [tokopedia] Session expired.
06:04:37 | INFO    | [tokopedia] No new orders found.
06:04:37 | INFO    | [tokopedia] Session saved to /home/lutpiero/marketplace-integrator/sessions/tokopedia_state.json

=== Sync Results ===

shopee:
  stock: {'synced': 3, 'elapsed': 25.7}
  price: {'synced': 1, 'elapsed': 8.4}
  orders: {'synced': 0, 'elapsed': 35.0}

tokopedia:
  stock: {'synced': 0, 'elapsed': 63.0}
  price: {'synced': 0, 'elapsed': 74.2}
  orders: {'synced': 0, 'elapsed': 17.6}
06:30:03 | WARNING | LIVE MODE: Changes will be pushed to real marketplaces!
06:30:03 | WARNING | dry_run is False. This will modify live marketplace data. Press Ctrl+C within 5 seconds to abort...
06:30:08 | INFO    | === Syncing shopee ===
06:30:08 | INFO    | [shopee] Loading marketplace products to populate cache...
06:30:10 | INFO    | [shopee] Loaded existing session from /home/lutpiero/marketplace-integrator/sessions/shopee_state.json
06:30:10 | INFO    | [shopee] UA override applied to page (HeadlessChrome hidden)
06:30:28 | INFO    | [shopee] Found 11 products
06:30:28 | INFO    | [shopee] Starting stock sync: Odoo -> marketplace
06:30:31 | INFO    | Odoo authenticated as uid=2
06:30:42 | SUCCESS | [shopee] Stock updated for 28728642322: 15
06:30:46 | SUCCESS | [shopee] Stock updated for 4957025309: 48
06:30:51 | SUCCESS | [shopee] Stock updated for 6357021439: 56
06:30:53 | INFO    | [shopee] Stock sync complete: 3 synced, 0 skipped, 0 failed (out of 3 total)
06:30:53 | INFO    | [shopee] Starting price sync: Odoo -> marketplace
06:30:54 | SUCCESS | [shopee] Price updated for 28728642322: Rp6,000
06:30:57 | ERROR   | [shopee] API error for 4957025309: code=1000100252 msg=None
06:30:57 | WARNING | [shopee] Failed to update price for 4957025309
06:30:59 | ERROR   | [shopee] API error for 6357021439: code=1000100252 msg=None
06:30:59 | WARNING | [shopee] Failed to update price for 6357021439
06:31:01 | INFO    | [shopee] Price sync complete: 1 synced, 0 skipped, 2 failed (out of 3 total)
06:31:01 | INFO    | [shopee] Starting order sync: marketplace -> Odoo
06:31:42 | INFO    | [shopee] Found 40 orders (status=new)
06:31:43 | INFO    | Odoo sale.order#61 confirmed — stock.picking will be created
06:31:43 | INFO    | [shopee] Order 238547664286467 confirmed — stock.picking created
06:31:46 | INFO    | Odoo account.move#116 created and posted from sale.order#61
06:31:46 | INFO    | [shopee] Order 238547664286467 invoiced — account.move#116
06:31:46 | ERROR   | [shopee] Failed to send WhatsApp for order 238547664286467: [Errno 111] Connection refused
06:31:46 | INFO    | [shopee] Order 238547664286467 -> Odoo sale.order#61
06:31:49 | INFO    | [shopee] Order sync complete: 1/40 imported
06:31:49 | INFO    | [shopee] Session saved to /home/lutpiero/marketplace-integrator/sessions/shopee_state.json
06:31:49 | INFO    | === Syncing tokopedia ===
06:31:49 | INFO    | [tokopedia] Loading marketplace products to populate cache...
06:31:51 | INFO    | [tokopedia] Loaded existing session from /home/lutpiero/marketplace-integrator/sessions/tokopedia_state.json
06:32:16 | ERROR   | [tokopedia] Session expired. Run 'login tokopedia' to re-authenticate.
06:32:16 | INFO    | [tokopedia] Starting stock sync: Odoo -> marketplace
06:32:36 | ERROR   | [tokopedia] Session expired. Run 'login tokopedia' to re-authenticate.
06:32:36 | ERROR   | [tokopedia] No cache for product 1729813263110669415. Run get_products() first.
06:32:36 | WARNING | [tokopedia] Failed to update stock for 1729813263110669415
06:32:56 | ERROR   | [tokopedia] Session expired. Run 'login tokopedia' to re-authenticate.
06:32:56 | ERROR   | [tokopedia] No cache for product 1729813263886550119. Run get_products() first.
06:32:56 | WARNING | [tokopedia] Failed to update stock for 1729813263886550119
06:33:17 | ERROR   | [tokopedia] Session expired. Run 'login tokopedia' to re-authenticate.
06:33:17 | ERROR   | [tokopedia] No cache for product 1729816440922801255. Run get_products() first.
06:33:17 | WARNING | [tokopedia] Failed to update stock for 1729816440922801255
06:33:20 | INFO    | [tokopedia] Stock sync complete: 0 synced, 0 skipped, 3 failed (out of 3 total)
06:33:20 | INFO    | [tokopedia] Starting price sync: Odoo -> marketplace
06:33:40 | ERROR   | [tokopedia] Session expired. Run 'login tokopedia' to re-authenticate.
06:33:40 | ERROR   | [tokopedia] No cache for product 1729813263110669415. Run get_products() first.
06:33:40 | WARNING | [tokopedia] Failed to update price for 1729813263110669415
06:34:03 | ERROR   | [tokopedia] Session expired. Run 'login tokopedia' to re-authenticate.
06:34:03 | ERROR   | [tokopedia] No cache for product 1729813263886550119. Run get_products() first.
06:34:03 | WARNING | [tokopedia] Failed to update price for 1729813263886550119
06:34:24 | ERROR   | [tokopedia] Session expired. Run 'login tokopedia' to re-authenticate.
06:34:24 | ERROR   | [tokopedia] No cache for product 1729816440922801255. Run get_products() first.
06:34:24 | WARNING | [tokopedia] Failed to update price for 1729816440922801255
06:34:27 | INFO    | [tokopedia] Price sync complete: 0 synced, 0 skipped, 3 failed (out of 3 total)
06:34:27 | INFO    | [tokopedia] Starting order sync: marketplace -> Odoo
06:34:45 | ERROR   | [tokopedia] Session expired.
06:34:45 | INFO    | [tokopedia] No new orders found.
06:34:45 | INFO    | [tokopedia] Session saved to /home/lutpiero/marketplace-integrator/sessions/tokopedia_state.json

=== Sync Results ===

shopee:
  stock: {'synced': 3, 'elapsed': 24.4}
  price: {'synced': 1, 'elapsed': 8.4}
  orders: {'synced': 1, 'elapsed': 47.2}

tokopedia:
  stock: {'synced': 0, 'elapsed': 64.2}
  price: {'synced': 0, 'elapsed': 66.6}
  orders: {'synced': 0, 'elapsed': 17.8}
07:00:05 | WARNING | LIVE MODE: Changes will be pushed to real marketplaces!
07:00:05 | WARNING | dry_run is False. This will modify live marketplace data. Press Ctrl+C within 5 seconds to abort...
07:00:10 | INFO    | === Syncing shopee ===
07:00:10 | INFO    | [shopee] Loading marketplace products to populate cache...
07:00:12 | INFO    | [shopee] Loaded existing session from /home/lutpiero/marketplace-integrator/sessions/shopee_state.json
07:00:12 | INFO    | [shopee] UA override applied to page (HeadlessChrome hidden)
07:00:27 | INFO    | [shopee] Found 11 products
07:00:27 | INFO    | [shopee] Starting stock sync: Odoo -> marketplace
07:00:30 | INFO    | Odoo authenticated as uid=2
07:00:44 | SUCCESS | [shopee] Stock updated for 28728642322: 15
07:00:58 | SUCCESS | [shopee] Stock updated for 4957025309: 48
07:01:04 | SUCCESS | [shopee] Stock updated for 6357021439: 56
07:01:06 | INFO    | [shopee] Stock sync complete: 3 synced, 0 skipped, 0 failed (out of 3 total)
07:01:06 | INFO    | [shopee] Starting price sync: Odoo -> marketplace
07:01:07 | SUCCESS | [shopee] Price updated for 28728642322: Rp6,000
07:01:12 | ERROR   | [shopee] API error for 4957025309: code=1000100252 msg=None
07:01:12 | WARNING | [shopee] Failed to update price for 4957025309
07:01:15 | ERROR   | [shopee] API error for 6357021439: code=1000100252 msg=None
07:01:15 | WARNING | [shopee] Failed to update price for 6357021439
07:01:17 | INFO    | [shopee] Price sync complete: 1 synced, 0 skipped, 2 failed (out of 3 total)
07:01:17 | INFO    | [shopee] Starting order sync: marketplace -> Odoo
07:02:04 | INFO    | [shopee] Found 40 orders (status=new)
07:02:04 | INFO    | [shopee] Order sync complete: 0/40 imported
07:02:05 | INFO    | [shopee] Session saved to /home/lutpiero/marketplace-integrator/sessions/shopee_state.json
07:02:05 | INFO    | === Syncing tokopedia ===
07:02:05 | INFO    | [tokopedia] Loading marketplace products to populate cache...
07:02:10 | INFO    | [tokopedia] Loaded existing session from /home/lutpiero/marketplace-integrator/sessions/tokopedia_state.json
07:02:41 | ERROR   | [tokopedia] Session expired. Run 'login tokopedia' to re-authenticate.
07:02:41 | INFO    | [tokopedia] Starting stock sync: Odoo -> marketplace
07:03:05 | ERROR   | [tokopedia] Session expired. Run 'login tokopedia' to re-authenticate.
07:03:05 | ERROR   | [tokopedia] No cache for product 1729813263110669415. Run get_products() first.
07:03:05 | WARNING | [tokopedia] Failed to update stock for 1729813263110669415
07:03:31 | ERROR   | [tokopedia] Session expired. Run 'login tokopedia' to re-authenticate.
07:03:31 | ERROR   | [tokopedia] No cache for product 1729813263886550119. Run get_products() first.
07:03:31 | WARNING | [tokopedia] Failed to update stock for 1729813263886550119
07:03:56 | ERROR   | [tokopedia] Session expired. Run 'login tokopedia' to re-authenticate.
07:03:56 | ERROR   | [tokopedia] No cache for product 1729816440922801255. Run get_products() first.
07:03:56 | WARNING | [tokopedia] Failed to update stock for 1729816440922801255
07:03:59 | INFO    | [tokopedia] Stock sync complete: 0 synced, 0 skipped, 3 failed (out of 3 total)
07:03:59 | INFO    | [tokopedia] Starting price sync: Odoo -> marketplace
07:04:20 | ERROR   | [tokopedia] Session expired. Run 'login tokopedia' to re-authenticate.
07:04:20 | ERROR   | [tokopedia] No cache for product 1729813263110669415. Run get_products() first.
07:04:20 | WARNING | [tokopedia] Failed to update price for 1729813263110669415
07:04:44 | ERROR   | [tokopedia] Session expired. Run 'login tokopedia' to re-authenticate.
07:04:44 | ERROR   | [tokopedia] No cache for product 1729813263886550119. Run get_products() first.
07:04:44 | WARNING | [tokopedia] Failed to update price for 1729813263886550119
07:05:06 | ERROR   | [tokopedia] Session expired. Run 'login tokopedia' to re-authenticate.
07:05:06 | ERROR   | [tokopedia] No cache for product 1729816440922801255. Run get_products() first.
07:05:06 | WARNING | [tokopedia] Failed to update price for 1729816440922801255
07:05:09 | INFO    | [tokopedia] Price sync complete: 0 synced, 0 skipped, 3 failed (out of 3 total)
07:05:09 | INFO    | [tokopedia] Starting order sync: marketplace -> Odoo
07:05:27 | ERROR   | [tokopedia] Session expired.
07:05:27 | INFO    | [tokopedia] No new orders found.
07:05:28 | INFO    | [tokopedia] Session saved to /home/lutpiero/marketplace-integrator/sessions/tokopedia_state.json

=== Sync Results ===

shopee:
  stock: {'synced': 3, 'elapsed': 38.8}
  price: {'synced': 1, 'elapsed': 10.8}
  orders: {'synced': 0, 'elapsed': 47.5}

tokopedia:
  stock: {'synced': 0, 'elapsed': 78.2}
  price: {'synced': 0, 'elapsed': 70.4}
  orders: {'synced': 0, 'elapsed': 17.7}
usage: main.py sync [-h] [-m {shopee,tokopedia}] [--live]
                    {all,stock,price,orders,map}
main.py sync: error: argument type: invalid choice: 'order' (choose from 'all', 'stock', 'price', 'orders', 'map')
07:34:49 | WARNING | LIVE MODE: Changes will be pushed to real marketplaces!
07:34:49 | WARNING | dry_run is False. This will modify live marketplace data. Press Ctrl+C within 5 seconds to abort...
07:34:54 | INFO    | [shopee] Starting order sync: marketplace -> Odoo
07:34:56 | INFO    | [shopee] Loaded existing session from /home/lutpiero/marketplace-integrator/sessions/shopee_state.json
07:34:56 | INFO    | [shopee] UA override applied to page (HeadlessChrome hidden)
07:35:23 | ERROR   | [shopee] Session expired.
07:35:23 | INFO    | [shopee] No new orders found.
07:35:23 | INFO    | [shopee] Session saved to /home/lutpiero/marketplace-integrator/sessions/shopee_state.json
07:35:23 | INFO    | [tokopedia] Starting order sync: marketplace -> Odoo
07:35:26 | INFO    | [tokopedia] Loaded existing session from /home/lutpiero/marketplace-integrator/sessions/tokopedia_state.json
07:35:56 | INFO    | [tokopedia] Found 0 orders (status=new)
07:35:56 | INFO    | [tokopedia] No new orders found.
07:35:58 | INFO    | [tokopedia] Session saved to /home/lutpiero/marketplace-integrator/sessions/tokopedia_state.json

=== Sync Results ===

shopee:
  synced: 0
  status: success

tokopedia:
  synced: 0
  status: success
08:00:04 | WARNING | LIVE MODE: Changes will be pushed to real marketplaces!
08:00:04 | WARNING | dry_run is False. This will modify live marketplace data. Press Ctrl+C within 5 seconds to abort...
08:00:09 | INFO    | [shopee] Starting order sync: marketplace -> Odoo
08:00:11 | INFO    | [shopee] Loaded existing session from /home/lutpiero/marketplace-integrator/sessions/shopee_state.json
08:00:12 | INFO    | [shopee] UA override applied to page (HeadlessChrome hidden)
08:00:39 | ERROR   | [shopee] Session expired.
08:00:39 | INFO    | [shopee] No new orders found.
08:00:40 | INFO    | [shopee] Session saved to /home/lutpiero/marketplace-integrator/sessions/shopee_state.json
08:00:40 | INFO    | [tokopedia] Starting order sync: marketplace -> Odoo
08:00:43 | INFO    | [tokopedia] Loaded existing session from /home/lutpiero/marketplace-integrator/sessions/tokopedia_state.json
08:01:19 | INFO    | [tokopedia] Found 0 orders (status=new)
08:01:19 | INFO    | [tokopedia] No new orders found.
08:01:23 | INFO    | [tokopedia] Session saved to /home/lutpiero/marketplace-integrator/sessions/tokopedia_state.json

=== Sync Results ===

shopee:
  synced: 0
  status: success

tokopedia:
  synced: 0
  status: success
08:30:03 | WARNING | LIVE MODE: Changes will be pushed to real marketplaces!
08:30:03 | WARNING | dry_run is False. This will modify live marketplace data. Press Ctrl+C within 5 seconds to abort...
08:30:08 | INFO    | [shopee] Starting order sync: marketplace -> Odoo
08:30:11 | INFO    | [shopee] Loaded existing session from /home/lutpiero/marketplace-integrator/sessions/shopee_state.json
08:30:11 | INFO    | [shopee] UA override applied to page (HeadlessChrome hidden)
08:30:45 | ERROR   | [shopee] Session expired.
08:30:45 | INFO    | [shopee] No new orders found.
08:30:46 | INFO    | [shopee] Session saved to /home/lutpiero/marketplace-integrator/sessions/shopee_state.json
08:30:46 | INFO    | [tokopedia] Starting order sync: marketplace -> Odoo
08:30:49 | INFO    | [tokopedia] Loaded existing session from /home/lutpiero/marketplace-integrator/sessions/tokopedia_state.json
08:31:24 | INFO    | [tokopedia] Found 0 orders (status=new)
08:31:24 | INFO    | [tokopedia] No new orders found.
08:31:28 | INFO    | [tokopedia] Session saved to /home/lutpiero/marketplace-integrator/sessions/tokopedia_state.json

=== Sync Results ===

shopee:
  synced: 0
  status: success

tokopedia:
  synced: 0
  status: success
09:00:03 | WARNING | LIVE MODE: Changes will be pushed to real marketplaces!
09:00:03 | WARNING | dry_run is False. This will modify live marketplace data. Press Ctrl+C within 5 seconds to abort...
09:00:08 | INFO    | [shopee] Starting order sync: marketplace -> Odoo
09:00:10 | INFO    | [shopee] Loaded existing session from /home/lutpiero/marketplace-integrator/sessions/shopee_state.json
09:00:10 | INFO    | [shopee] UA override applied to page (HeadlessChrome hidden)
09:00:38 | ERROR   | [shopee] Session expired.
09:00:38 | INFO    | [shopee] No new orders found.
09:00:38 | INFO    | [shopee] Session saved to /home/lutpiero/marketplace-integrator/sessions/shopee_state.json
09:00:39 | INFO    | [tokopedia] Starting order sync: marketplace -> Odoo
09:00:42 | INFO    | [tokopedia] Loaded existing session from /home/lutpiero/marketplace-integrator/sessions/tokopedia_state.json
09:01:13 | INFO    | [tokopedia] Found 0 orders (status=new)
09:01:13 | INFO    | [tokopedia] No new orders found.
09:01:15 | INFO    | [tokopedia] Session saved to /home/lutpiero/marketplace-integrator/sessions/tokopedia_state.json

=== Sync Results ===

shopee:
  synced: 0
  status: success

tokopedia:
  synced: 0
  status: success
09:30:05 | WARNING | LIVE MODE: Changes will be pushed to real marketplaces!
09:30:05 | WARNING | dry_run is False. This will modify live marketplace data. Press Ctrl+C within 5 seconds to abort...
09:30:10 | INFO    | [shopee] Starting order sync: marketplace -> Odoo
09:30:13 | INFO    | [shopee] Loaded existing session from /home/lutpiero/marketplace-integrator/sessions/shopee_state.json
09:30:13 | INFO    | [shopee] UA override applied to page (HeadlessChrome hidden)
09:30:49 | ERROR   | [shopee] Session expired.
09:30:49 | INFO    | [shopee] No new orders found.
09:30:49 | INFO    | [shopee] Session saved to /home/lutpiero/marketplace-integrator/sessions/shopee_state.json
09:30:49 | INFO    | [tokopedia] Starting order sync: marketplace -> Odoo
09:30:53 | INFO    | [tokopedia] Loaded existing session from /home/lutpiero/marketplace-integrator/sessions/tokopedia_state.json
09:31:24 | INFO    | [tokopedia] Found 0 orders (status=new)
09:31:24 | INFO    | [tokopedia] No new orders found.
09:31:27 | INFO    | [tokopedia] Session saved to /home/lutpiero/marketplace-integrator/sessions/tokopedia_state.json

=== Sync Results ===

shopee:
  synced: 0
  status: success

tokopedia:
  synced: 0
  status: success
10:00:03 | WARNING | LIVE MODE: Changes will be pushed to real marketplaces!
10:00:03 | WARNING | dry_run is False. This will modify live marketplace data. Press Ctrl+C within 5 seconds to abort...
10:00:08 | INFO    | [shopee] Starting order sync: marketplace -> Odoo
10:00:12 | INFO    | [shopee] Loaded existing session from /home/lutpiero/marketplace-integrator/sessions/shopee_state.json
10:00:12 | INFO    | [shopee] UA override applied to page (HeadlessChrome hidden)
10:00:40 | ERROR   | [shopee] Session expired.
10:00:40 | INFO    | [shopee] No new orders found.
10:00:40 | INFO    | [shopee] Session saved to /home/lutpiero/marketplace-integrator/sessions/shopee_state.json
10:00:40 | INFO    | [tokopedia] Starting order sync: marketplace -> Odoo
10:00:45 | INFO    | [tokopedia] Loaded existing session from /home/lutpiero/marketplace-integrator/sessions/tokopedia_state.json
10:01:15 | INFO    | [tokopedia] Found 0 orders (status=new)
10:01:15 | INFO    | [tokopedia] No new orders found.
10:01:19 | INFO    | [tokopedia] Session saved to /home/lutpiero/marketplace-integrator/sessions/tokopedia_state.json

=== Sync Results ===

shopee:
  synced: 0
  status: success

tokopedia:
  synced: 0
  status: success
10:30:03 | WARNING | LIVE MODE: Changes will be pushed to real marketplaces!
10:30:03 | WARNING | dry_run is False. This will modify live marketplace data. Press Ctrl+C within 5 seconds to abort...
10:30:08 | INFO    | [shopee] Starting order sync: marketplace -> Odoo
10:30:11 | INFO    | [shopee] Loaded existing session from /home/lutpiero/marketplace-integrator/sessions/shopee_state.json
10:30:11 | INFO    | [shopee] UA override applied to page (HeadlessChrome hidden)
10:30:39 | ERROR   | [shopee] Session expired.
10:30:39 | INFO    | [shopee] No new orders found.
10:30:39 | INFO    | [shopee] Session saved to /home/lutpiero/marketplace-integrator/sessions/shopee_state.json
10:30:39 | INFO    | [tokopedia] Starting order sync: marketplace -> Odoo
10:30:43 | INFO    | [tokopedia] Loaded existing session from /home/lutpiero/marketplace-integrator/sessions/tokopedia_state.json
10:31:14 | INFO    | [tokopedia] Found 0 orders (status=new)
10:31:14 | INFO    | [tokopedia] No new orders found.
10:31:16 | INFO    | [tokopedia] Session saved to /home/lutpiero/marketplace-integrator/sessions/tokopedia_state.json

=== Sync Results ===

shopee:
  synced: 0
  status: success

tokopedia:
  synced: 0
  status: success
11:00:04 | WARNING | LIVE MODE: Changes will be pushed to real marketplaces!
11:00:04 | WARNING | dry_run is False. This will modify live marketplace data. Press Ctrl+C within 5 seconds to abort...
11:00:09 | INFO    | [shopee] Starting order sync: marketplace -> Odoo
11:00:14 | INFO    | [shopee] Loaded existing session from /home/lutpiero/marketplace-integrator/sessions/shopee_state.json
11:00:15 | INFO    | [shopee] UA override applied to page (HeadlessChrome hidden)
11:00:52 | ERROR   | [shopee] Session expired.
11:00:52 | INFO    | [shopee] No new orders found.
11:00:53 | INFO    | [shopee] Session saved to /home/lutpiero/marketplace-integrator/sessions/shopee_state.json
11:00:53 | INFO    | [tokopedia] Starting order sync: marketplace -> Odoo
11:00:58 | INFO    | [tokopedia] Loaded existing session from /home/lutpiero/marketplace-integrator/sessions/tokopedia_state.json
11:01:31 | INFO    | [tokopedia] Found 1 orders (status=new)
11:01:33 | INFO    | Odoo authenticated as uid=2
11:01:36 | INFO    | Odoo sale.order#62 confirmed — stock.picking will be created
11:01:36 | INFO    | [tokopedia] Order 585177783470688015 confirmed — stock.picking created
11:01:38 | INFO    | Odoo account.move#117 created and posted from sale.order#62
11:01:38 | INFO    | [tokopedia] Order 585177783470688015 invoiced — account.move#117
11:01:40 | INFO    | [tokopedia] WhatsApp notification sent for order 585177783470688015
11:01:40 | INFO    | [tokopedia] Order 585177783470688015 -> Odoo sale.order#62
11:01:43 | INFO    | [tokopedia] Order sync complete: 1/1 imported
11:01:47 | INFO    | [tokopedia] Session saved to /home/lutpiero/marketplace-integrator/sessions/tokopedia_state.json

=== Sync Results ===

shopee:
  synced: 0
  status: success

tokopedia:
  synced: 1
  status: success
